fund_id,fonds,jaar,veld,database,verslag,actie,pagina,vindplaats
1,Dierenartsen (SPD - Veterinarians),2025,nominale_dekkingsgraad_pct,,125.7,gevuld,7,"Actuele dekkingsgraad 125,7 | 114,3"
1,Dierenartsen (SPD - Veterinarians),2025,reele_dekkingsgraad_pct,,88.5,gevuld,7,"Reële dekkingsgraad 88,5 | 85,4"
1,Dierenartsen (SPD - Veterinarians),2025,vereiste_dekkingsgraad_pct,119.0,118.4,vervangen,7,"Vereiste dekkingsgraad 118,4 | 116,7"
1,Dierenartsen (SPD - Veterinarians),2025,deelnemers_actief,,4817,gevuld,7,Deelnemers 4.817 | 4.725
1,Dierenartsen (SPD - Veterinarians),2025,deelnemers_slapers,4725,1576,vervangen,7,Gewezen deelnemers 1.576 | 1.512
1,Dierenartsen (SPD - Veterinarians),2025,deelnemers_pensioengerechtigd,4725,2161,vervangen,7,Pensioengerechtigden 2.161 | 2.080
1,Dierenartsen (SPD - Veterinarians),2025,deelnemers_totaal,9486,8673,vervangen,7,(totaalregel) 8.673 | 8.427
1,Dierenartsen (SPD - Veterinarians),2024,nominale_dekkingsgraad_pct,,114.3,gevuld,7,"Actuele dekkingsgraad 125,7 | 114,3"
1,Dierenartsen (SPD - Veterinarians),2024,deelnemers_actief,,4725,gevuld,7,Deelnemers 4.817 | 4.725
2,Fysiotherapeuten (SPF - Physiotherapists),2025,deelnemers_actief,,23295,gevuld,8,Deelnemers 2025 23.295 | 2024 23.202
2,Fysiotherapeuten (SPF - Physiotherapists),2025,deelnemers_slapers,,8798,gevuld,8,Gewezen deelnemers 2025 8.798 | 2024 8.473
2,Fysiotherapeuten (SPF - Physiotherapists),2025,deelnemers_totaal,,42113,gevuld,8,(totaalregel) 2025 42.113 | 2024 41.020
2,Fysiotherapeuten (SPF - Physiotherapists),2024,deelnemers_pensioengerechtigd,23202,,leeggemaakt,,"leesfoutpatroon, niet te bevestigen uit het verslag"
3,Huisartsen (SPH - General Practitioners),2025,nominale_dekkingsgraad_pct,,132.6,gevuld,11,"Dekkingsgraad op basis van DNB-rente (in %) 132,6 127,6"
3,Huisartsen (SPH - General Practitioners),2025,reele_dekkingsgraad_pct,,105.3,gevuld,11,"Reële dekkingsgraad (in %) 105,3 105,1"
3,Huisartsen (SPH - General Practitioners),2024,nominale_dekkingsgraad_pct,,127.6,gevuld,11,"Dekkingsgraad op basis van DNB-rente (in %) 132,6 127,6"
4,Loodsen (Pilots),2025,beleggingsrendement_pct,0.5,0.8,vervangen,8,"Nettorendement (in procenten) 2024 9,2 | 2025 0,8"
4,Loodsen (Pilots),2025,aum_euro_bn,0.122,1.043759,vervangen,8,Belegd vermogen ultimo jaar (x 1.000 euro) 2024 1.068.215 | 2025 1.043.759
4,Loodsen (Pilots),2025,deelnemers_actief,17109,469,vervangen,7,Deelnemers 2024 466 | 2025 469
4,Loodsen (Pilots),2025,deelnemers_totaal,17139,1353,vervangen,7,Totaal 2024 1.343 | 2025 1.353
4,Loodsen (Pilots),2024,deelnemers_actief,,466,gevuld,7,Deelnemers 2024 466 | 2025 469
4,Loodsen (Pilots),2024,deelnemers_totaal,,1343,gevuld,7,Totaal 2024 1.343 | 2025 1.353
5,Medisch Specialisten (SPMS - Medical Specialists),2025,nominale_dekkingsgraad_pct,,154.7,gevuld,8,"De actuele UFR-dekkingsgraad steeg van 140,2 procent naar 154,7 procent."
5,Medisch Specialisten (SPMS - Medical Specialists),2025,reele_dekkingsgraad_pct,,183.8,gevuld,98,"De reële dekkingsgraad eind 2025 bedraagt derhalve (243,1%/132,3% =) 183,8%."
5,Medisch Specialisten (SPMS - Medical Specialists),2025,vereiste_dekkingsgraad_pct,120.2,121.1,vervangen,8,"Het Vereiste Eigen Vermogen (VEV) steeg van 118,9 procent naar 121,1 procent"
5,Medisch Specialisten (SPMS - Medical Specialists),2025,deelnemers_actief,,9239,gevuld,6,Actieve deelnemers totaal 9.239 9.098
5,Medisch Specialisten (SPMS - Medical Specialists),2025,deelnemers_slapers,,1944,gevuld,6,Premievrĳe rechten (slapers - gewezen deelnemers) totaal 1.944 1.928
5,Medisch Specialisten (SPMS - Medical Specialists),2025,deelnemers_pensioengerechtigd,,8116,gevuld,6,Pensioentrekkenden 8.116 7.953
5,Medisch Specialisten (SPMS - Medical Specialists),2025,deelnemers_totaal,,19299,gevuld,6,Totaal 19.299 18.979
5,Medisch Specialisten (SPMS - Medical Specialists),2024,nominale_dekkingsgraad_pct,,140.2,gevuld,8,"De actuele UFR-dekkingsgraad steeg van 140,2 procent naar 154,7 procent."
5,Medisch Specialisten (SPMS - Medical Specialists),2024,deelnemers_actief,,9098,gevuld,6,Actieve deelnemers totaal 9.239 9.098
5,Medisch Specialisten (SPMS - Medical Specialists),2024,deelnemers_slapers,,1928,gevuld,6,Premievrĳe rechten (slapers - gewezen deelnemers) totaal 1.944 1.928
5,Medisch Specialisten (SPMS - Medical Specialists),2024,deelnemers_pensioengerechtigd,,7953,gevuld,6,Pensioentrekkenden 8.116 7.953
5,Medisch Specialisten (SPMS - Medical Specialists),2024,deelnemers_totaal,,18979,gevuld,6,Totaal 19.299 18.979
6,Openbare Apothekers (SPOA - Public Pharmacists),2025,nominale_dekkingsgraad_pct,,131.4,gevuld,6,"Actuele dekkingsgraad 131,4% 121,0%"
6,Openbare Apothekers (SPOA - Public Pharmacists),2025,reele_dekkingsgraad_pct,,99.2,gevuld,24,"De reële dekkingsgraad was ultimo 2025 99,2% (ultimo 2024 was deze 95,9%)"
6,Openbare Apothekers (SPOA - Public Pharmacists),2025,deelnemers_slapers,1352,1373,vervangen,6,Gewezen deelnemers 1.373 1.352
6,Openbare Apothekers (SPOA - Public Pharmacists),2025,deelnemers_pensioengerechtigd,1678,1699,vervangen,6,Pensioengerechtigden 1.699 1.678
6,Openbare Apothekers (SPOA - Public Pharmacists),2025,deelnemers_totaal,6014,6086,vervangen,6,Totaal 6.086 6.014
6,Openbare Apothekers (SPOA - Public Pharmacists),2024,nominale_dekkingsgraad_pct,,121.0,gevuld,6,"Actuele dekkingsgraad 131,4% 121,0%"
6,Openbare Apothekers (SPOA - Public Pharmacists),2024,reele_dekkingsgraad_pct,,95.9,gevuld,24,"De reële dekkingsgraad was ultimo 2025 99,2% (ultimo 2024 was deze 95,9%)"
6,Openbare Apothekers (SPOA - Public Pharmacists),2024,deelnemers_slapers,,1352,gevuld,6,Gewezen deelnemers 1.373 1.352
6,Openbare Apothekers (SPOA - Public Pharmacists),2024,deelnemers_pensioengerechtigd,,1678,gevuld,6,Pensioengerechtigden 1.699 1.678
6,Openbare Apothekers (SPOA - Public Pharmacists),2024,deelnemers_totaal,,6014,gevuld,6,Totaal 6.086 6.014
8,Verloskundigen (SPV - Midwives),2025,nominale_dekkingsgraad_pct,,138.1,gevuld,8,"Actuele dekkingsgraad 138,1 110,9"
8,Verloskundigen (SPV - Midwives),2025,reele_dekkingsgraad_pct,,152.4,gevuld,8,"Reële dekkingsgraad 152,4 137,1"
8,Verloskundigen (SPV - Midwives),2025,vereiste_dekkingsgraad_pct,120.8,120.6,vervangen,8,"Vereiste dekingsgraad 120,6 117,5"
8,Verloskundigen (SPV - Midwives),2025,deelnemers_slapers,1678,1769,vervangen,8,Gewezen deelnemers 1.769 1.678
8,Verloskundigen (SPV - Midwives),2025,deelnemers_pensioengerechtigd,589,638,vervangen,8,Pensioengerechtigden 638 589
8,Verloskundigen (SPV - Midwives),2025,deelnemers_totaal,,5278,gevuld,8,5.278 5.123
8,Verloskundigen (SPV - Midwives),2024,deelnemers_pensioengerechtigd,,589,gevuld,8,Pensioengerechtigden 638 589
8,Verloskundigen (SPV - Midwives),2024,deelnemers_totaal,,5123,gevuld,8,5.278 5.123
9,ABP (Government and Education),2025,nominale_dekkingsgraad_pct,,123.5,gevuld,7,"Dekkingsgraad (A/B) in % 2025 123,5 | 2024 111,7"
9,ABP (Government and Education),2025,reele_dekkingsgraad_pct,,87.5,gevuld,7,"Reële dekkingsgraad in % 2025 87,5 | 2024 85,2"
9,ABP (Government and Education),2025,deelnemers_actief,1306248,1330945,vervangen,7,Actieve deelnemers 2025 1.330.945 | 2024 1.306.248
9,ABP (Government and Education),2025,deelnemers_pensioengerechtigd,1051433,1088584,vervangen,7,Pensioengerechtigden 2025 1.088.584 | 2024 1.051.433
9,ABP (Government and Education),2025,deelnemers_totaal,3139659,3201054,vervangen,7,Totaal deelnemers 2025 3.201.054 | 2024 3.139.659
9,ABP (Government and Education),2024,nominale_dekkingsgraad_pct,,111.7,gevuld,7,"Dekkingsgraad (A/B) in % 2025 123,5 | 2024 111,7"
9,ABP (Government and Education),2024,deelnemers_totaal,,3139659,gevuld,7,Totaal deelnemers 2025 3.201.054 | 2024 3.139.659
10,Architectenbureaus (Architecture Firms),2025,beleggingsrendement_pct,-1.2,-1.5,vervangen,6,Realised investment return -1.50% 11.58% 10.38% (header 2025 2024 2023 2022 2021)
10,Architectenbureaus (Architecture Firms),2025,nominale_dekkingsgraad_pct,,137.0,gevuld,6,Current funding ratio 137.0% 122.9% 117.8%
10,Architectenbureaus (Architecture Firms),2025,deelnemers_actief,9958,10344,vervangen,6,"Participants 10,344 9,958 9,895"
10,Architectenbureaus (Architecture Firms),2025,deelnemers_slapers,23007,23276,vervangen,6,"Former participants 23,276 23,007 23,029"
10,Architectenbureaus (Architecture Firms),2024,nominale_dekkingsgraad_pct,,122.9,gevuld,6,Current funding ratio 137.0% 122.9% 117.8%
10,Architectenbureaus (Architecture Firms),2024,deelnemers_slapers,,23007,gevuld,6,"Former participants 23,276 23,007 23,029"
11,Bakkersbedrijf (Bakeries),2025,beleggingsrendement_pct,-4.7,-5.2,vervangen,6,"Jaarrendement portefeuille -5,2% (2025) | 10,0% (2024)"
11,Bakkersbedrijf (Bakeries),2025,nominale_dekkingsgraad_pct,,130.1,gevuld,6,"Dekkingsgraad 130,1% | 115,5%"
11,Bakkersbedrijf (Bakeries),2025,reele_dekkingsgraad_pct,,87.0,gevuld,6,"Reële dekkingsgraad 87,0% | 86,9%"
11,Bakkersbedrijf (Bakeries),2025,deelnemers_actief,34857,35379,vervangen,6,"Deelnemers, actief en voortgezet 35.379 | 35.636"
11,Bakkersbedrijf (Bakeries),2025,deelnemers_slapers,85680,84739,vervangen,6,Gewezen deelnemers (slapers) 84.739 | 85.650
11,Bakkersbedrijf (Bakeries),2025,deelnemers_pensioengerechtigd,24625,26691,vervangen,6,Pensioengerechtigden 26.691 | 25.365
11,Bakkersbedrijf (Bakeries),2025,deelnemers_totaal,145162,146809,vervangen,6,Totaal aantal deelnemers 146.809 | 146.651
11,Bakkersbedrijf (Bakeries),2024,nominale_dekkingsgraad_pct,,115.5,gevuld,6,"Dekkingsgraad 130,1% | 115,5%"
11,Bakkersbedrijf (Bakeries),2024,reele_dekkingsgraad_pct,,86.9,gevuld,6,"Reële dekkingsgraad 87,0% | 86,9%"
11,Bakkersbedrijf (Bakeries),2024,deelnemers_totaal,,146651,gevuld,6,Totaal aantal deelnemers 146.809 | 146.651
12,Banden- en Wielenbranche (Tire and Wheel Branch),2025,beleggingsrendement_pct,-11.9,-11.6,vervangen,5,"Rendement -11,60% 8,52%"
12,Banden- en Wielenbranche (Tire and Wheel Branch),2025,nominale_dekkingsgraad_pct,,116.6,gevuld,6,"Actuele dekkingsgraad 116,6% 105,9%"
12,Banden- en Wielenbranche (Tire and Wheel Branch),2025,reele_dekkingsgraad_pct,,78.3,gevuld,6,"Reële dekkingsgraad 78,3% 78,3%"
12,Banden- en Wielenbranche (Tire and Wheel Branch),2025,vereiste_dekkingsgraad_pct,107.9,114.8,vervangen,6,"Vereiste dekkingsgraad 114,8% 115,2%"
12,Banden- en Wielenbranche (Tire and Wheel Branch),2025,aum_euro_bn,0.807,1.249048,vervangen,59,Beleggingen voor risico pensioenfonds ... 1.249.048 861.224 (x EUR 1.000)
12,Banden- en Wielenbranche (Tire and Wheel Branch),2024,nominale_dekkingsgraad_pct,,105.9,gevuld,6,"Actuele dekkingsgraad 116,6% 105,9%"
12,Banden- en Wielenbranche (Tire and Wheel Branch),2024,reele_dekkingsgraad_pct,,78.3,gevuld,6,"Reële dekkingsgraad 78,3% 78,3%"
13,Beroepsvervoer over de Weg (Commercial Road Transport),2025,nominale_dekkingsgraad_pct,,127.5,gevuld,5,"Actuele dekkingsgraad volgens FTK in % (a / b) 127,5% 111,3%"
13,Beroepsvervoer over de Weg (Commercial Road Transport),2025,reele_dekkingsgraad_pct,,86.5,gevuld,5,"Reële dekkingsgraad 86,5% 82,2%"
13,Beroepsvervoer over de Weg (Commercial Road Transport),2025,deelnemers_actief,196941,200228,vervangen,5,"Deelnemers, actief en voortgezet 200.228 196.941"
13,Beroepsvervoer over de Weg (Commercial Road Transport),2024,nominale_dekkingsgraad_pct,,111.3,gevuld,5,"Actuele dekkingsgraad volgens FTK in % (a / b) 127,5% 111,3%"
14,Beton / Betonproductenindustrie (Concrete Industry),2025,beleggingsrendement_pct,-4.9,-4.68,vervangen,14,"Performance -4,68% 8,20% 9,04% (kop 2025 2024 2023)"
14,Beton / Betonproductenindustrie (Concrete Industry),2025,nominale_dekkingsgraad_pct,,125.7,gevuld,14,"Aanwezige dekkingsgraad 125,7% 112,0% 110,0%"
14,Beton / Betonproductenindustrie (Concrete Industry),2025,reele_dekkingsgraad_pct,,85.7,gevuld,17,"actuele dekkingsgraad, beleidsdekkingsgraad, vereiste dekkingsgraad en reële dekkingsgraad respectievelijk 125,7%, 118,8%, 116,4% en 85,7% (ultimo 2024: 112,0%, 112,7%, 115,7% en 83,4%)"
14,Beton / Betonproductenindustrie (Concrete Industry),2025,vereiste_dekkingsgraad_pct,116.9,116.4,vervangen,17,"vereiste dekkingsgraad ... 116,4% (ultimo 2024: ... 115,7%)"
14,Beton / Betonproductenindustrie (Concrete Industry),2024,nominale_dekkingsgraad_pct,,112.0,gevuld,14,"Aanwezige dekkingsgraad 125,7% 112,0% 110,0%"
14,Beton / Betonproductenindustrie (Concrete Industry),2024,reele_dekkingsgraad_pct,,83.4,gevuld,17,"actuele dekkingsgraad, beleidsdekkingsgraad, vereiste dekkingsgraad en reële dekkingsgraad respectievelijk 125,7%, 118,8%, 116,4% en 85,7% (ultimo 2024: 112,0%, 112,7%, 115,7% en 83,4%)"
15,Bouw / BPFBouw (Construction),2025,nominale_dekkingsgraad_pct,,141.0,gevuld,11,"Dekkingsgraad (in procenten) 141,0 125,6"
15,Bouw / BPFBouw (Construction),2025,reele_dekkingsgraad_pct,,97.5,gevuld,29,"2025 141,0 133,1 97,5 / 2024 125,6 126,3 94,5 (Reële dekkingsgraad ultimo jaar)"
15,Bouw / BPFBouw (Construction),2025,deelnemers_actief,151362,158410,vervangen,10,- Actieve deelnemers 158.410 151.362
15,Bouw / BPFBouw (Construction),2025,deelnemers_slapers,340126,330636,vervangen,10,- Gewezen deelnemers 330.636 340.126
15,Bouw / BPFBouw (Construction),2025,deelnemers_pensioengerechtigd,162319,246917,vervangen,10,- Pensioengerechtigden 246.917 246.659
15,Bouw / BPFBouw (Construction),2025,deelnemers_totaal,653807,746664,vervangen,10,Totaal 746.664 749.104
15,Bouw / BPFBouw (Construction),2024,nominale_dekkingsgraad_pct,,125.6,gevuld,11,"Dekkingsgraad (in procenten) 141,0 125,6"
15,Bouw / BPFBouw (Construction),2024,reele_dekkingsgraad_pct,,94.5,gevuld,29,"2025 141,0 133,1 97,5 / 2024 125,6 126,3 94,5 (Reële dekkingsgraad ultimo jaar)"
15,Bouw / BPFBouw (Construction),2024,deelnemers_actief,,151362,gevuld,10,- Actieve deelnemers 158.410 151.362
15,Bouw / BPFBouw (Construction),2024,deelnemers_slapers,,340126,gevuld,10,- Gewezen deelnemers 330.636 340.126
15,Bouw / BPFBouw (Construction),2024,deelnemers_pensioengerechtigd,,246659,gevuld,10,- Pensioengerechtigden 246.917 246.659
15,Bouw / BPFBouw (Construction),2024,deelnemers_totaal,,749104,gevuld,10,Totaal 746.664 749.104
16,BPL Pensioen (Agriculture),2025,nominale_dekkingsgraad_pct,,133.3,gevuld,11,"Actuele dekkingsgraad 133,3% 115,3%"
16,BPL Pensioen (Agriculture),2025,reele_dekkingsgraad_pct,,89.7,gevuld,11,"Reële dekkingsgraad 89,7% 86,8%"
16,BPL Pensioen (Agriculture),2025,deelnemers_actief,,136349,gevuld,10,"Deelnemers, actief en voortgezet 136.349 133.388"
16,BPL Pensioen (Agriculture),2025,deelnemers_pensioengerechtigd,20,84328,vervangen,10,Pensioengerechtigden 84.328 80.495
16,BPL Pensioen (Agriculture),2025,deelnemers_totaal,454318,678488,vervangen,43,Totaal inclusief ex-deelnemers 678.488 668.161
16,BPL Pensioen (Agriculture),2024,nominale_dekkingsgraad_pct,,115.3,gevuld,11,"Actuele dekkingsgraad 133,3% 115,3%"
16,BPL Pensioen (Agriculture),2024,deelnemers_totaal,,668161,gevuld,43,Totaal inclusief ex-deelnemers 678.488 668.161
17,Detailhandel (Retail),2025,beleggingsrendement_pct,-4.5,-4.8,vervangen,13,"Bruto rendement op totale beleggingen -4,8% 9,2%"
17,Detailhandel (Retail),2025,nominale_dekkingsgraad_pct,,137.1,gevuld,13,"Aanwezige dekkingsgraad 137,1% 117,2%"
17,Detailhandel (Retail),2025,reele_dekkingsgraad_pct,,90.2,gevuld,26,"reële dekkingsgraad van 90,2%. Dit is iets hoger dan eind 2024 (89,5%)"
17,Detailhandel (Retail),2025,deelnemers_actief,366980,371769,vervangen,13,Actieve deelnemers (inclusief AO) 371.769 366.980
17,Detailhandel (Retail),2025,deelnemers_slapers,751937,785575,vervangen,13,Gewezen deelnemers 785.575 751.937
17,Detailhandel (Retail),2025,deelnemers_pensioengerechtigd,168771,173347,vervangen,13,Gepensioneerden 173.347 168.771
17,Detailhandel (Retail),2025,deelnemers_totaal,1287688,1330691,vervangen,13,Totaal 1.330.691 1.287.688
17,Detailhandel (Retail),2024,nominale_dekkingsgraad_pct,,117.2,gevuld,13,"Aanwezige dekkingsgraad 137,1% 117,2%"
17,Detailhandel (Retail),2024,reele_dekkingsgraad_pct,,89.5,gevuld,26,"reële dekkingsgraad van 90,2%. Dit is iets hoger dan eind 2024 (89,5%)"
17,Detailhandel (Retail),2024,deelnemers_actief,,366980,gevuld,13,Actieve deelnemers (inclusief AO) 371.769 366.980
17,Detailhandel (Retail),2024,deelnemers_slapers,,751937,gevuld,13,Gewezen deelnemers 785.575 751.937
17,Detailhandel (Retail),2024,deelnemers_pensioengerechtigd,,168771,gevuld,13,Gepensioneerden 173.347 168.771
17,Detailhandel (Retail),2024,deelnemers_totaal,,1287688,gevuld,13,Totaal 1.330.691 1.287.688
18,HiBiN (Building Materials Trade),2025,nominale_dekkingsgraad_pct,,133.0,gevuld,4,"Dekkingsgraad 133,0% 111,8% 110,7%"
18,HiBiN (Building Materials Trade),2025,reele_dekkingsgraad_pct,,84.8,gevuld,4,"Reële dekkingsgraad 84,80% 82,3% 82,1%"
18,HiBiN (Building Materials Trade),2025,deelnemers_actief,10556,10785,vervangen,4,Actieve deelnemers 10.785 10.556 10.459
18,HiBiN (Building Materials Trade),2024,nominale_dekkingsgraad_pct,,111.8,gevuld,4,"Dekkingsgraad 133,0% 111,8% 110,7%"
18,HiBiN (Building Materials Trade),2024,reele_dekkingsgraad_pct,,82.3,gevuld,4,"Reële dekkingsgraad 84,80% 82,3% 82,1%"
19,Horeca & Catering (Hospitality),2025,nominale_dekkingsgraad_pct,,155.2,gevuld,7,"Dekkingsgraad* op basis van FTK 2025 155,2% | 2024 130,8%"
19,Horeca & Catering (Hospitality),2025,reele_dekkingsgraad_pct,,99.1,gevuld,10,"De reële dekkingsgraad bedroeg eind 2025 99,1% (2024: 96,7%)"
19,Horeca & Catering (Hospitality),2025,vereiste_dekkingsgraad_pct,125.8,126.0,vervangen,10,"Het vereist eigen vermogen ... bedroeg op 31 december 2025 126,0%. Eind 2024 bedroeg het vereist eigen vermogen 122,7%"
19,Horeca & Catering (Hospitality),2024,nominale_dekkingsgraad_pct,,130.8,gevuld,7,"Dekkingsgraad* op basis van FTK 2025 155,2% | 2024 130,8%"
19,Horeca & Catering (Hospitality),2024,reele_dekkingsgraad_pct,,96.7,gevuld,10,"De reële dekkingsgraad bedroeg eind 2025 99,1% (2024: 96,7%)"
20,Kappersbedrijf (Hairdressers),2025,nominale_dekkingsgraad_pct,,129.3,gevuld,9,"Actuele dekkingsgraad 2025 129,3% | 2024 108,1%"
20,Kappersbedrijf (Hairdressers),2025,reele_dekkingsgraad_pct,,80.9,gevuld,38,"De reële dekkingsgraad van het pensioenfonds steeg in 2025 van 77,2% naar 80,9%"
20,Kappersbedrijf (Hairdressers),2025,deelnemers_slapers,52507,53634,vervangen,78,Gewezen deelnemers 52.507 ... 53.634
20,Kappersbedrijf (Hairdressers),2025,deelnemers_pensioengerechtigd,4433,4742,vervangen,78,Pensioengerechtigden 4.433 ... 4.742
20,Kappersbedrijf (Hairdressers),2025,deelnemers_totaal,77384,78781,vervangen,78,Totaal alle deelnemers 77.384 ... 78.781
20,Kappersbedrijf (Hairdressers),2024,nominale_dekkingsgraad_pct,,108.1,gevuld,9,"Actuele dekkingsgraad 2025 129,3% | 2024 108,1%"
20,Kappersbedrijf (Hairdressers),2024,reele_dekkingsgraad_pct,,77.2,gevuld,38,"De reële dekkingsgraad van het pensioenfonds steeg in 2025 van 77,2% naar 80,9%"
20,Kappersbedrijf (Hairdressers),2024,deelnemers_slapers,,52507,gevuld,78,Gewezen deelnemers 52.507 ... 53.634
20,Kappersbedrijf (Hairdressers),2024,deelnemers_pensioengerechtigd,,4433,gevuld,78,Pensioengerechtigden 4.433 ... 4.742
20,Kappersbedrijf (Hairdressers),2024,deelnemers_totaal,,77384,gevuld,78,Totaal alle deelnemers 77.384 ... 78.781
21,Koopvaardij (Merchant Navy),2025,beleidsdekkingsgraad_pct,123.3,123.1,vervangen,5,"Beleidsdekkingsgraad 3) 123,1% 119,4%"
21,Koopvaardij (Merchant Navy),2025,nominale_dekkingsgraad_pct,,129.2,gevuld,5,"Dekkingsgraad (f = e / a) 129,2% 117,8%"
21,Koopvaardij (Merchant Navy),2025,reele_dekkingsgraad_pct,,92.2,gevuld,5,"Reële dekkingsgraad 4) 92,2% 90,5%"
21,Koopvaardij (Merchant Navy),2025,deelnemers_actief,4635,4770,vervangen,5,Actieve deelnemers 4.770 4.635
21,Koopvaardij (Merchant Navy),2025,deelnemers_slapers,17885,18243,vervangen,5,Gewezen deelnemers 1) 18.243 17.885
21,Koopvaardij (Merchant Navy),2025,deelnemers_pensioengerechtigd,25455,24876,vervangen,5,Pensioengerechtigden 24.876 25.455
21,Koopvaardij (Merchant Navy),2024,nominale_dekkingsgraad_pct,,117.8,gevuld,5,"Dekkingsgraad (f = e / a) 129,2% 117,8%"
21,Koopvaardij (Merchant Navy),2024,reele_dekkingsgraad_pct,,90.5,gevuld,5,"Reële dekkingsgraad 4) 92,2% 90,5%"
22,Levensmiddelen / BPFL (Food Industry),2025,beleidsdekkingsgraad_pct,,118.4,gevuld,7,"Beleidsdekkingsgraad 2025 118,4% | 2024 109,2%"
22,Levensmiddelen / BPFL (Food Industry),2025,nominale_dekkingsgraad_pct,,127.2,gevuld,7,"Dekkingsgraad 2025 127,2% | 2024 110,2%"
22,Levensmiddelen / BPFL (Food Industry),2025,reele_dekkingsgraad_pct,,82.3,gevuld,14,"Ultimo 2025 bedroeg de reële dekkingsgraad 82,3% (ultimo 2024 was dit 79,5%)"
22,Levensmiddelen / BPFL (Food Industry),2025,vereiste_dekkingsgraad_pct,,118.0,gevuld,7,"Vereiste dekkingsgraad 2025 118,0% | 2024 117,2%"
22,Levensmiddelen / BPFL (Food Industry),2025,rente_afdekking_pct,,74.2,gevuld,100,"De feitelijke renteafdekking op basis van de DNB-methodiek bedraagt 74,2% eind 2025"
22,Levensmiddelen / BPFL (Food Industry),2025,aum_euro_bn,,5.786419,gevuld,6,Beleggingen (in duizenden euro) 2025 5.786.419 | 2024 6.344.214
22,Levensmiddelen / BPFL (Food Industry),2025,deelnemers_actief,,143920,gevuld,6,"Actieve deelnemers, exclusief arbeidsongeschikten 2025 143.920 | 2024 144.794"
22,Levensmiddelen / BPFL (Food Industry),2025,deelnemers_slapers,,247822,gevuld,6,Gewezen deelnemers 2025 247.822 | 2024 234.889
22,Levensmiddelen / BPFL (Food Industry),2025,deelnemers_pensioengerechtigd,,28282,gevuld,6,Pensioengerechtigden met uitkering 2025 28.282 | 2024 26.742
22,Levensmiddelen / BPFL (Food Industry),2025,deelnemers_totaal,,428364,gevuld,6,Totaal aantal deelnemers 2025 428.364 | 2024 413.803
22,Levensmiddelen / BPFL (Food Industry),2024,nominale_dekkingsgraad_pct,,110.2,gevuld,7,"Dekkingsgraad 2025 127,2% | 2024 110,2%"
22,Levensmiddelen / BPFL (Food Industry),2024,reele_dekkingsgraad_pct,,79.5,gevuld,14,"Ultimo 2025 bedroeg de reële dekkingsgraad 82,3% (ultimo 2024 was dit 79,5%)"
22,Levensmiddelen / BPFL (Food Industry),2024,deelnemers_actief,,144794,gevuld,6,"Actieve deelnemers, exclusief arbeidsongeschikten 2025 143.920 | 2024 144.794"
22,Levensmiddelen / BPFL (Food Industry),2024,deelnemers_slapers,,234889,gevuld,6,Gewezen deelnemers 2025 247.822 | 2024 234.889
22,Levensmiddelen / BPFL (Food Industry),2024,deelnemers_pensioengerechtigd,,26742,gevuld,6,Pensioengerechtigden met uitkering 2025 28.282 | 2024 26.742
22,Levensmiddelen / BPFL (Food Industry),2024,deelnemers_totaal,,413803,gevuld,6,Totaal aantal deelnemers 2025 428.364 | 2024 413.803
23,Medewerkers Apotheken / PMA (Pharmacy Employees),2025,nominale_dekkingsgraad_pct,,118.2,gevuld,10,"Aanwezige dekkingsgraad (in %) 118,2 106,6 104,2"
23,Medewerkers Apotheken / PMA (Pharmacy Employees),2025,reele_dekkingsgraad_pct,,80.5,gevuld,15,"De reële dekkingsgraad was eind 2025 80,5% (eind 2024 was dit 79,2%)."
23,Medewerkers Apotheken / PMA (Pharmacy Employees),2025,deelnemers_actief,23991,23560,vervangen,10,Actieve deelnemers met pensioenopbouw 23.560 23.991 23.597
23,Medewerkers Apotheken / PMA (Pharmacy Employees),2025,deelnemers_slapers,1412,23789,vervangen,10,Gewezen deelnemers 23.789 22.788 21.670
23,Medewerkers Apotheken / PMA (Pharmacy Employees),2025,deelnemers_pensioengerechtigd,9000,10383,vervangen,10,Pensioengerechtigden 10.383 9.819 9.277
23,Medewerkers Apotheken / PMA (Pharmacy Employees),2024,nominale_dekkingsgraad_pct,,106.6,gevuld,10,"Aanwezige dekkingsgraad (in %) 118,2 106,6 104,2"
23,Medewerkers Apotheken / PMA (Pharmacy Employees),2024,reele_dekkingsgraad_pct,,79.2,gevuld,15,"De reële dekkingsgraad was eind 2025 80,5% (eind 2024 was dit 79,2%)."
23,Medewerkers Apotheken / PMA (Pharmacy Employees),2024,deelnemers_actief,,23991,gevuld,10,Actieve deelnemers met pensioenopbouw 23.560 23.991 23.597
23,Medewerkers Apotheken / PMA (Pharmacy Employees),2024,deelnemers_slapers,,22788,gevuld,10,Gewezen deelnemers 23.789 22.788 21.670
23,Medewerkers Apotheken / PMA (Pharmacy Employees),2024,deelnemers_pensioengerechtigd,,9819,gevuld,10,Pensioengerechtigden 10.383 9.819 9.277
24,Metaal & Techniek / PMT (Metal & Technique),2025,nominale_dekkingsgraad_pct,,122.3,gevuld,12,"Dekkingsgraad (D = C/A) 122,3% 108,4%"
24,Metaal & Techniek / PMT (Metal & Technique),2025,reele_dekkingsgraad_pct,,83.1,gevuld,12,"Reële dekkingsgraad 7) 83,1% 80,2%"
24,Metaal & Techniek / PMT (Metal & Technique),2025,deelnemers_actief,433275,449183,vervangen,11,Actieve deelnemers 449.183 433.275
24,Metaal & Techniek / PMT (Metal & Technique),2025,deelnemers_slapers,,554865,gevuld,11,Gewezen deelnemers 554.865 552.936
24,Metaal & Techniek / PMT (Metal & Technique),2025,deelnemers_pensioengerechtigd,254478,263497,vervangen,11,Totaal pensioengerechtigden 263.497 254.478
24,Metaal & Techniek / PMT (Metal & Technique),2025,deelnemers_totaal,,1327324,gevuld,11,Totaal deelnemers 1.327.324 1.301.729
24,Metaal & Techniek / PMT (Metal & Technique),2024,nominale_dekkingsgraad_pct,,108.4,gevuld,12,"Dekkingsgraad (D = C/A) 122,3% 108,4%"
24,Metaal & Techniek / PMT (Metal & Technique),2024,reele_dekkingsgraad_pct,,80.2,gevuld,12,"Reële dekkingsgraad 7) 83,1% 80,2%"
25,"MITT (Fashion, Interior, Carpet, and Textile Industry)",2025,beleggingsrendement_pct,-2.7,-2.19,vervangen,10,"Rendement op basis van total return -2,19% 7,55%"
25,"MITT (Fashion, Interior, Carpet, and Textile Industry)",2025,nominale_dekkingsgraad_pct,,135.7,gevuld,11,"Dekkingsgraad 135,7% 118,9%"
25,"MITT (Fashion, Interior, Carpet, and Textile Industry)",2025,reele_dekkingsgraad_pct,,92.0,gevuld,29,"Eind 2025 was de reële dekkingsgraad 92,0% (eind 2024 was dit 87,9%)"
25,"MITT (Fashion, Interior, Carpet, and Textile Industry)",2025,deelnemers_actief,,20559,gevuld,10,Deelnemers 20.559 20.455
25,"MITT (Fashion, Interior, Carpet, and Textile Industry)",2025,deelnemers_pensioengerechtigd,88,54479,vervangen,10,Pensioengerechtigden 2) 54.479 54.378
25,"MITT (Fashion, Interior, Carpet, and Textile Industry)",2025,deelnemers_totaal,54356,129636,vervangen,10,Totaal aantal verzekerden 129.636 129.070
25,"MITT (Fashion, Interior, Carpet, and Textile Industry)",2024,nominale_dekkingsgraad_pct,,118.9,gevuld,11,"Dekkingsgraad 135,7% 118,9%"
25,"MITT (Fashion, Interior, Carpet, and Textile Industry)",2024,reele_dekkingsgraad_pct,,87.9,gevuld,29,"Eind 2025 was de reële dekkingsgraad 92,0% (eind 2024 was dit 87,9%)"
25,"MITT (Fashion, Interior, Carpet, and Textile Industry)",2024,deelnemers_actief,,20455,gevuld,10,Deelnemers 20.559 20.455
25,"MITT (Fashion, Interior, Carpet, and Textile Industry)",2024,deelnemers_pensioengerechtigd,,54378,gevuld,10,Pensioengerechtigden 2) 54.479 54.378
25,"MITT (Fashion, Interior, Carpet, and Textile Industry)",2024,deelnemers_totaal,,129070,gevuld,10,Totaal aantal verzekerden 129.636 129.070
26,Molenaars (Millers),2025,beleggingsrendement_pct,1.0,0.53,vervangen,7,"Totaal rendement portefeuille (incl. renteafdekking) 2025 0,53% | 2024 12,47%"
26,Molenaars (Millers),2025,nominale_dekkingsgraad_pct,,140.8,gevuld,6,"Actuele dekkingsgraad 2025 140,8% | 2024 122,5%"
26,Molenaars (Millers),2025,deelnemers_actief,2048,3452,vervangen,6,Totaal actief 2025 3.452 | 2024 3.381
26,Molenaars (Millers),2025,deelnemers_slapers,2048,5923,vervangen,6,Gewezen deelnemers (slapers) 2025 5.923 | 2024 5.871
26,Molenaars (Millers),2025,deelnemers_pensioengerechtigd,2048,2767,vervangen,6,Totaal pensioengerechtigden 2025 2.767 | 2024 2.639
26,Molenaars (Millers),2025,deelnemers_totaal,6144,12142,vervangen,6,Totaal deelnemers 2025 12.142 | 2024 11.891
26,Molenaars (Millers),2024,nominale_dekkingsgraad_pct,,122.5,gevuld,6,"Actuele dekkingsgraad 2025 140,8% | 2024 122,5%"
27,Nederlandse Groothandel / SPNG (Dutch Wholesale),2025,beleggingsrendement_pct,,2.5,gevuld,7,"Beleggingsresultaat 2,5% 8,0%"
27,Nederlandse Groothandel / SPNG (Dutch Wholesale),2025,beleidsdekkingsgraad_pct,,112.0,gevuld,9,"Beleidsdekkingsgraad 112,0% 109,4%"
27,Nederlandse Groothandel / SPNG (Dutch Wholesale),2025,nominale_dekkingsgraad_pct,,114.9,gevuld,9,"Dekkingsgraad totaal fonds 114,9% 107,9%"
27,Nederlandse Groothandel / SPNG (Dutch Wholesale),2025,reele_dekkingsgraad_pct,,88.7,gevuld,15,"Ultimo 2025 bedroeg de reële dekkingsgraad 88,7% (ultimo 2024: 87,1%)"
27,Nederlandse Groothandel / SPNG (Dutch Wholesale),2025,vereiste_dekkingsgraad_pct,,106.8,gevuld,9,"Vereiste Dekkingsgraad 106,8% 106,7%"
27,Nederlandse Groothandel / SPNG (Dutch Wholesale),2025,rente_afdekking_pct,,46.0,gevuld,89,"De feitelijke renteafdekking op basis van de DNB-methodiek bedraagt 46,0% eind 2025"
27,Nederlandse Groothandel / SPNG (Dutch Wholesale),2025,aum_euro_bn,,0.906041,gevuld,7,Totaal beleggingen 906.041 852.684 (in duizenden euro)
27,Nederlandse Groothandel / SPNG (Dutch Wholesale),2025,deelnemers_actief,,4741,gevuld,7,Actieve deelnemers 4.741 4.824
27,Nederlandse Groothandel / SPNG (Dutch Wholesale),2025,deelnemers_slapers,,25050,gevuld,7,Gewezen deelnemers 25.050 24.739
27,Nederlandse Groothandel / SPNG (Dutch Wholesale),2025,deelnemers_pensioengerechtigd,,7683,gevuld,7,Pensioengerechtigden 7.683 7.316
27,Nederlandse Groothandel / SPNG (Dutch Wholesale),2025,deelnemers_totaal,,37474,gevuld,7,Totaal 37.474 36.879
27,Nederlandse Groothandel / SPNG (Dutch Wholesale),2024,beleggingsrendement_pct,,8.0,gevuld,7,"Beleggingsresultaat 2,5% 8,0%"
27,Nederlandse Groothandel / SPNG (Dutch Wholesale),2024,beleidsdekkingsgraad_pct,,109.4,gevuld,9,"Beleidsdekkingsgraad 112,0% 109,4%"
27,Nederlandse Groothandel / SPNG (Dutch Wholesale),2024,nominale_dekkingsgraad_pct,,107.9,gevuld,9,"Dekkingsgraad totaal fonds 114,9% 107,9%"
27,Nederlandse Groothandel / SPNG (Dutch Wholesale),2024,reele_dekkingsgraad_pct,,87.1,gevuld,15,"Ultimo 2025 bedroeg de reële dekkingsgraad 88,7% (ultimo 2024: 87,1%)"
27,Nederlandse Groothandel / SPNG (Dutch Wholesale),2024,vereiste_dekkingsgraad_pct,,106.7,gevuld,9,"Vereiste Dekkingsgraad 106,8% 106,7%"
27,Nederlandse Groothandel / SPNG (Dutch Wholesale),2024,aum_euro_bn,,0.852684,gevuld,7,Totaal beleggingen 906.041 852.684 (in duizenden euro)
28,Notariaat (Notaries),2025,nominale_dekkingsgraad_pct,,121.6,gevuld,7,"Actuele dekkingsgraad (%) 121,6 112,0 109,3"
28,Notariaat (Notaries),2025,reele_dekkingsgraad_pct,,86.0,gevuld,88,"Reële dekkingsgraad 86,0% 84,1%"
28,Notariaat (Notaries),2025,vereiste_dekkingsgraad_pct,113.7,114.4,vervangen,73,"Vereiste dekkingsgraad per 31 december 114,4% 114,0%"
28,Notariaat (Notaries),2025,deelnemers_actief,11841,12540,vervangen,7,Actieve deelnemers 12.540 11.841
28,Notariaat (Notaries),2025,deelnemers_slapers,9830,9964,vervangen,7,Ex-deelnemers 9.964 9.830
28,Notariaat (Notaries),2025,deelnemers_pensioengerechtigd,,6124,gevuld,7,Gepensioneerden 6.124 5.939
28,Notariaat (Notaries),2024,nominale_dekkingsgraad_pct,,112.0,gevuld,7,"Actuele dekkingsgraad (%) 121,6 112,0 109,3"
28,Notariaat (Notaries),2024,reele_dekkingsgraad_pct,,84.1,gevuld,88,"Reële dekkingsgraad 86,0% 84,1%"
28,Notariaat (Notaries),2024,deelnemers_actief,,11841,gevuld,7,Actieve deelnemers 12.540 11.841
28,Notariaat (Notaries),2024,deelnemers_slapers,,9830,gevuld,7,Ex-deelnemers 9.964 9.830
28,Notariaat (Notaries),2024,deelnemers_pensioengerechtigd,,5939,gevuld,7,Gepensioneerden 6.124 5.939
29,Openbare Bibliotheken / POB (Public Libraries),2025,nominale_dekkingsgraad_pct,,101.8,gevuld,10,"Dekkingsgraad 101,8% 133,4% 130,4%"
29,Openbare Bibliotheken / POB (Public Libraries),2025,rente_afdekking_pct,,70.2,gevuld,126,"Feitelijke renteafdekking 70,2% 50,6% (kop 2025 2024)"
29,Openbare Bibliotheken / POB (Public Libraries),2025,aum_euro_bn,,2.599591,gevuld,9,Totaal beleggingen (in duizenden euro) 2.599.591 2.595.941 (2025 = beleggingen voor risico deelnemers)
29,Openbare Bibliotheken / POB (Public Libraries),2025,deelnemers_actief,,9450,gevuld,9,Actieve deelnemers 9.450 8.951 8.497
29,Openbare Bibliotheken / POB (Public Libraries),2025,deelnemers_slapers,,8425,gevuld,9,Gewezen deelnemers 8.425 8.714 8.558
29,Openbare Bibliotheken / POB (Public Libraries),2025,deelnemers_pensioengerechtigd,,9255,gevuld,9,Pensioengerechtigden 9.255 8.989 8.545
29,Openbare Bibliotheken / POB (Public Libraries),2025,deelnemers_totaal,,27130,gevuld,9,Totaal 27.130 26.654 25.600
29,Openbare Bibliotheken / POB (Public Libraries),2024,nominale_dekkingsgraad_pct,,133.4,gevuld,10,"Dekkingsgraad 101,8% 133,4% 130,4%"
29,Openbare Bibliotheken / POB (Public Libraries),2024,deelnemers_actief,,8951,gevuld,9,Actieve deelnemers 9.450 8.951 8.497
29,Openbare Bibliotheken / POB (Public Libraries),2024,deelnemers_slapers,,8714,gevuld,9,Gewezen deelnemers 8.425 8.714 8.558
29,Openbare Bibliotheken / POB (Public Libraries),2024,deelnemers_pensioengerechtigd,,8989,gevuld,9,Pensioengerechtigden 9.255 8.989 8.545
29,Openbare Bibliotheken / POB (Public Libraries),2024,deelnemers_totaal,,26654,gevuld,9,Totaal 27.130 26.654 25.600
30,Particuliere Beveiliging (Private Security),2025,nominale_dekkingsgraad_pct,,143.2,gevuld,8,"Dekkingsgraad 143,2% 124,5% 121,4%"
30,Particuliere Beveiliging (Private Security),2025,deelnemers_actief,,32280,gevuld,160,Actieven 29.095 (stand ultimo 2024) ... 32.280 (stand ultimo 2025)
30,Particuliere Beveiliging (Private Security),2025,deelnemers_slapers,,33825,gevuld,160,Slapers 32.941 ... 33.825
30,Particuliere Beveiliging (Private Security),2025,deelnemers_pensioengerechtigd,,7567,gevuld,160,Pensioengerechtigden 6.803 1.007 243 7.567
30,Particuliere Beveiliging (Private Security),2025,deelnemers_totaal,,73672,gevuld,160,Totaal 68.839 15.656 10.823 73.672
30,Particuliere Beveiliging (Private Security),2024,nominale_dekkingsgraad_pct,,124.5,gevuld,8,"Dekkingsgraad 143,2% 124,5% 121,4%"
30,Particuliere Beveiliging (Private Security),2024,deelnemers_actief,,29095,gevuld,160,Actieven 29.095 (stand ultimo 2024) ... 32.280 (stand ultimo 2025)
30,Particuliere Beveiliging (Private Security),2024,deelnemers_slapers,,32941,gevuld,160,Slapers 32.941 ... 33.825
30,Particuliere Beveiliging (Private Security),2024,deelnemers_pensioengerechtigd,,6803,gevuld,160,Pensioengerechtigden 6.803 1.007 243 7.567
30,Particuliere Beveiliging (Private Security),2024,deelnemers_totaal,,68839,gevuld,160,Totaal 68.839 15.656 10.823 73.672
31,Personeelsdiensten (Personnel Services),2025,beleggingsrendement_pct,-0.4,5.4,vervangen,12,"Gemiddeld beleggingsrendement gehele fonds in % 5,4% 9,2%"
31,Personeelsdiensten (Personnel Services),2025,beleidsdekkingsgraad_pct,113.9,113.5,vervangen,13,"Beleidsdekkingsgraad in % 113,5% 112,4%"
31,Personeelsdiensten (Personnel Services),2025,nominale_dekkingsgraad_pct,,110.9,gevuld,13,"Actuele dekkingsgraad in % 110,9% 112,9%"
31,Personeelsdiensten (Personnel Services),2025,reele_dekkingsgraad_pct,,111.2,gevuld,19,"De reële dekkingsgraad bedraagt 111,2% ultimo 2025 (2024: 110,3%)"
31,Personeelsdiensten (Personnel Services),2025,vereiste_dekkingsgraad_pct,105.9,102.7,vervangen,18,"ligt ruim boven het vereiste niveau van 102,7% (2024: 103,3%)"
31,Personeelsdiensten (Personnel Services),2025,aum_euro_bn,0.68,4.416,vervangen,12,Belegd vermogen 4.416 3.758 (Bedragen in € 1.000.000)
31,Personeelsdiensten (Personnel Services),2024,nominale_dekkingsgraad_pct,,112.9,gevuld,13,"Actuele dekkingsgraad in % 110,9% 112,9%"
32,PGB (Various Industries),2025,beleggingsrendement_pct,0.5,0.1,vervangen,13,"Totaal rendement in % 0,1"
32,PGB (Various Industries),2025,nominale_dekkingsgraad_pct,,131.5,gevuld,13,"UFR-dekkingsgraad in % 131,5"
32,PGB (Various Industries),2025,reele_dekkingsgraad_pct,,91.5,gevuld,13,"Reële dekkingsgraad in % 91,5"
32,PGB (Various Industries),2025,vereiste_dekkingsgraad_pct,122.1,116.6,vervangen,13,"Vereist vermogen in % o.b.v. werkelijke beleggingsportefeuille 116,6"
32,PGB (Various Industries),2025,deelnemers_actief,121452,128186,vervangen,12,128.186 deelnemers die pensioen opbouwen
32,PGB (Various Industries),2025,deelnemers_slapers,9164,225308,vervangen,13,Premievrije deelnemers¹ 225.308
32,PGB (Various Industries),2025,deelnemers_pensioengerechtigd,22,105990,vervangen,13,Totaal 105.990
32,PGB (Various Industries),2025,deelnemers_totaal,,353494,gevuld,13,Totaal 353.494
32,PGB (Various Industries),2024,nominale_dekkingsgraad_pct,,116.7,gevuld,13,"UFR-dekkingsgraad in % 131,5"
33,Rail & Openbaar Vervoer (Rail & Public Transport),2025,nominale_dekkingsgraad_pct,,141.5,gevuld,5,"Actuele dekkingsgraad 141,5% 128,6%"
33,Rail & Openbaar Vervoer (Rail & Public Transport),2025,reele_dekkingsgraad_pct,,99.9,gevuld,14,"Eind 2025 is de reële dekkingsgraad van Rail & OV 99,9% (2024: 98,1%)."
33,Rail & Openbaar Vervoer (Rail & Public Transport),2025,vereiste_dekkingsgraad_pct,122.2,121.8,vervangen,5,"Vereiste dekkingsgraad (bij gemiddelde mix) 121,8% 121,3%"
33,Rail & Openbaar Vervoer (Rail & Public Transport),2024,nominale_dekkingsgraad_pct,,128.6,gevuld,5,"Actuele dekkingsgraad 141,5% 128,6%"
33,Rail & Openbaar Vervoer (Rail & Public Transport),2024,reele_dekkingsgraad_pct,,98.1,gevuld,14,"Eind 2025 is de reële dekkingsgraad van Rail & OV 99,9% (2024: 98,1%)."
34,Recreatie (Recreation),2025,nominale_dekkingsgraad_pct,,131.2,gevuld,9,"Aanwezige dekkingsgraad 131,2% 115,7% 115,9%"
34,Recreatie (Recreation),2025,reele_dekkingsgraad_pct,,86.2,gevuld,9,"Reële dekkingsgraad 86,2% 86,3% 83,3%"
34,Recreatie (Recreation),2025,deelnemers_actief,47659,24059,vervangen,9,Deelnemers [2] 24.059 23.907 20.645
34,Recreatie (Recreation),2025,deelnemers_slapers,47659,50200,vervangen,9,Gewezen deelnemers 50.200 47.659 44.124
34,Recreatie (Recreation),2025,deelnemers_pensioengerechtigd,1763,4883,vervangen,9,Pensioengerechtigden: 4.883 4.575 4.097
34,Recreatie (Recreation),2024,nominale_dekkingsgraad_pct,,115.7,gevuld,9,"Aanwezige dekkingsgraad 131,2% 115,7% 115,9%"
34,Recreatie (Recreation),2024,reele_dekkingsgraad_pct,,86.3,gevuld,9,"Reële dekkingsgraad 86,2% 86,3% 83,3%"
34,Recreatie (Recreation),2024,deelnemers_actief,,23907,gevuld,9,Deelnemers [2] 24.059 23.907 20.645
34,Recreatie (Recreation),2024,deelnemers_slapers,,47659,gevuld,9,Gewezen deelnemers 50.200 47.659 44.124
34,Recreatie (Recreation),2024,deelnemers_pensioengerechtigd,,4575,gevuld,9,Pensioengerechtigden: 4.883 4.575 4.097
35,Slagersbedrijf (Butchers),2025,beleggingsrendement_pct,-3.6,-3.76,vervangen,6,"Totaal rendement portefeuille -3,76% 7,93% 4,64% (kop 2025 2024 2023)"
35,Slagersbedrijf (Butchers),2025,nominale_dekkingsgraad_pct,,139.4,gevuld,6,"UFR dekkingsgraad 139,4% 126,5% 125,4%"
35,Slagersbedrijf (Butchers),2025,reele_dekkingsgraad_pct,,96.8,gevuld,6,"Reële dekkingsgraad 96,8% 95,8% 95,0%"
35,Slagersbedrijf (Butchers),2025,deelnemers_actief,14480,14695,vervangen,5,Deelnemers 14.695 14.480 12.505
35,Slagersbedrijf (Butchers),2025,deelnemers_slapers,45077,46253,vervangen,5,Gewezen deelnemers (slapers) 46.253 45.077 42.579
35,Slagersbedrijf (Butchers),2025,deelnemers_pensioengerechtigd,13829,14598,vervangen,5,Pensioengerechtigden 14.598 13.829 13.281
35,Slagersbedrijf (Butchers),2024,nominale_dekkingsgraad_pct,,126.5,gevuld,6,"UFR dekkingsgraad 139,4% 126,5% 125,4%"
35,Slagersbedrijf (Butchers),2024,reele_dekkingsgraad_pct,,95.8,gevuld,6,"Reële dekkingsgraad 96,8% 95,8% 95,0%"
37,Waterbouw (Hydraulic Engineering),2025,beleggingsrendement_pct,-2.9,-1.7,vervangen,6,"Totaal rendement -1,7% 11,6% 8,9% -17,8% 9,0% (2025..2021)"
37,Waterbouw (Hydraulic Engineering),2025,nominale_dekkingsgraad_pct,,155.1,gevuld,6,"Aanwezige dekkingsgraad 155,1% 139,3% 135,0% 138,5% 125,0%"
37,Waterbouw (Hydraulic Engineering),2025,reele_dekkingsgraad_pct,,109.5,gevuld,82,"Ultimo boekjaar bedraagt de reële beleidsdekkingsgraad 109,5% (2024: 106,8%)"
37,Waterbouw (Hydraulic Engineering),2025,deelnemers_actief,2951,3010,vervangen,6,Actieve deelnemers 3.010 2.951 2.849
37,Waterbouw (Hydraulic Engineering),2024,nominale_dekkingsgraad_pct,,139.3,gevuld,6,"Aanwezige dekkingsgraad 155,1% 139,3% 135,0% 138,5% 125,0%"
37,Waterbouw (Hydraulic Engineering),2024,reele_dekkingsgraad_pct,,106.8,gevuld,82,"Ultimo boekjaar bedraagt de reële beleidsdekkingsgraad 109,5% (2024: 106,8%)"
37,Waterbouw (Hydraulic Engineering),2024,deelnemers_actief,,2951,gevuld,6,Actieve deelnemers 3.010 2.951 2.849
38,Werk- en (re)Integratie / PWRI (Work and Reintegration),2025,beleggingsrendement_pct,,2.81,gevuld,6,"Rendement (%) 2,81 8,9 9,0 (kop 2025 2024 2023)"
38,Werk- en (re)Integratie / PWRI (Work and Reintegration),2025,aum_euro_bn,,11.060532,gevuld,6,Risico deelnemers onder Wtp (excl. AOV) Totaal beleggingen (€ 1.000) 11.060.532 n.v.t.; 2024: balans Beleggingen voor risico pensioenfonds 10.916.609 (p69)
38,Werk- en (re)Integratie / PWRI (Work and Reintegration),2025,deelnemers_actief,,73165,gevuld,6,Actieve deelnemers 73.165 72.602 74.450
38,Werk- en (re)Integratie / PWRI (Work and Reintegration),2025,deelnemers_slapers,,47971,gevuld,6,Gewezen deelnemers 47.971 49.050 49.783
38,Werk- en (re)Integratie / PWRI (Work and Reintegration),2025,deelnemers_pensioengerechtigd,,64658,gevuld,6,Pensioengerechtigden 64.658 64.144 62.530
38,Werk- en (re)Integratie / PWRI (Work and Reintegration),2025,deelnemers_totaal,,185794,gevuld,6,Totaal aantal 185.794 185.796 186.763
39,Woningcorporaties / SPW (Housing Corporations),2025,nominale_dekkingsgraad_pct,,143.1,gevuld,7,"Dekkingsgraad 143,1%"
39,Woningcorporaties / SPW (Housing Corporations),2025,reele_dekkingsgraad_pct,,102.9,gevuld,51,"Eind 2025 bedraagt de reële dekkingsgraad 102,9 procent (2024: 97 procent)"
39,Woningcorporaties / SPW (Housing Corporations),2025,deelnemers_actief,,32005,gevuld,6,Deelnemers 32.005
39,Woningcorporaties / SPW (Housing Corporations),2025,deelnemers_slapers,,24735,gevuld,6,Gewezen deelnemers 24.735
39,Woningcorporaties / SPW (Housing Corporations),2025,deelnemers_pensioengerechtigd,,23119,gevuld,6,Pensioengerechtigden 23.119
39,Woningcorporaties / SPW (Housing Corporations),2025,deelnemers_totaal,,79859,gevuld,6,Totaal 79.859
39,Woningcorporaties / SPW (Housing Corporations),2024,nominale_dekkingsgraad_pct,,128.8,gevuld,7,"Dekkingsgraad 143,1%"
39,Woningcorporaties / SPW (Housing Corporations),2024,reele_dekkingsgraad_pct,,97,gevuld,51,"Eind 2025 bedraagt de reële dekkingsgraad 102,9 procent (2024: 97 procent)"
39,Woningcorporaties / SPW (Housing Corporations),2024,deelnemers_actief,,30997,gevuld,6,Deelnemers 32.005
39,Woningcorporaties / SPW (Housing Corporations),2024,deelnemers_slapers,,24267,gevuld,6,Gewezen deelnemers 24.735
39,Woningcorporaties / SPW (Housing Corporations),2024,deelnemers_pensioengerechtigd,,22214,gevuld,6,Pensioengerechtigden 23.119
39,Woningcorporaties / SPW (Housing Corporations),2024,deelnemers_totaal,,77478,gevuld,6,Totaal 79.859
40,Zoetwarenindustrie (Confectionery Industry),2025,nominale_dekkingsgraad_pct,,140.8,gevuld,7,"Dekkingsgraad in % 140,8 123,0"
40,Zoetwarenindustrie (Confectionery Industry),2025,reele_dekkingsgraad_pct,,94.8,gevuld,7,"Reële dekkingsgraad in % 94,8 90,3"
40,Zoetwarenindustrie (Confectionery Industry),2025,deelnemers_actief,,10060,gevuld,7,"Deelnemers, actieven en arbeidsongeschikten 10.060 9.789"
40,Zoetwarenindustrie (Confectionery Industry),2025,deelnemers_slapers,,22764,gevuld,7,Gewezen deelnemers 22.764 23.863
40,Zoetwarenindustrie (Confectionery Industry),2025,deelnemers_pensioengerechtigd,,11547,gevuld,7,Ingegane pensioenen 11.547 11.117
40,Zoetwarenindustrie (Confectionery Industry),2025,deelnemers_totaal,,44371,gevuld,7,Totaal aantal verzekerden 44.371 44.769
40,Zoetwarenindustrie (Confectionery Industry),2024,nominale_dekkingsgraad_pct,,123.0,gevuld,7,"Dekkingsgraad in % 140,8 123,0"
40,Zoetwarenindustrie (Confectionery Industry),2024,reele_dekkingsgraad_pct,,90.3,gevuld,7,"Reële dekkingsgraad in % 94,8 90,3"
40,Zoetwarenindustrie (Confectionery Industry),2024,deelnemers_actief,,9789,gevuld,7,"Deelnemers, actieven en arbeidsongeschikten 10.060 9.789"
40,Zoetwarenindustrie (Confectionery Industry),2024,deelnemers_slapers,,23863,gevuld,7,Gewezen deelnemers 22.764 23.863
40,Zoetwarenindustrie (Confectionery Industry),2024,deelnemers_pensioengerechtigd,,11117,gevuld,7,Ingegane pensioenen 11.547 11.117
40,Zoetwarenindustrie (Confectionery Industry),2024,deelnemers_totaal,,44769,gevuld,7,Totaal aantal verzekerden 44.371 44.769
41,Zorg en Welzijn / PFZW (Healthcare and Welfare),2025,nominale_dekkingsgraad_pct,,126.0,gevuld,9,"Actuele dekkingsgraad 106,6% 108,7% 106,1% 109,8% 126,0% (kop 2021..2025)"
41,Zorg en Welzijn / PFZW (Healthcare and Welfare),2025,reele_dekkingsgraad_pct,,85.5,gevuld,149,"Reële dekkingsgraad 85,5% 80,9% (kop 31-12-2025 31-12-2024)"
41,Zorg en Welzijn / PFZW (Healthcare and Welfare),2025,deelnemers_actief,,1463600,gevuld,8,Premiebetalende deelnemers 1.340.700 1.365.400 1.390.700 1.418.700 1.463.600 (kop 2021..2025)
41,Zorg en Welzijn / PFZW (Healthcare and Welfare),2025,deelnemers_totaal,,3037700,gevuld,8,Totaal deelnemers 2.985.300 3.048.300 2.876.600 2.949.600 3.037.700
41,Zorg en Welzijn / PFZW (Healthcare and Welfare),2024,nominale_dekkingsgraad_pct,,109.8,gevuld,9,"Actuele dekkingsgraad 106,6% 108,7% 106,1% 109,8% 126,0% (kop 2021..2025)"
41,Zorg en Welzijn / PFZW (Healthcare and Welfare),2024,reele_dekkingsgraad_pct,,80.9,gevuld,149,"Reële dekkingsgraad 85,5% 80,9% (kop 31-12-2025 31-12-2024)"
41,Zorg en Welzijn / PFZW (Healthcare and Welfare),2024,deelnemers_actief,,1418700,gevuld,8,Premiebetalende deelnemers 1.340.700 1.365.400 1.390.700 1.418.700 1.463.600 (kop 2021..2025)
41,Zorg en Welzijn / PFZW (Healthcare and Welfare),2024,deelnemers_totaal,,2949600,gevuld,8,Totaal deelnemers 2.985.300 3.048.300 2.876.600 2.949.600 3.037.700
42,Zorgverzekeraars / SBZ (Health Insurers),2025,nominale_dekkingsgraad_pct,,131.4,gevuld,21,"Actuele dekkingsgraad 131,4% | 119,4%"
42,Zorgverzekeraars / SBZ (Health Insurers),2025,reele_dekkingsgraad_pct,,95.4,gevuld,44,"reële dekkingsgraad. Deze bedraagt ultimo 2025 95,4% (2024: 91,1%)"
42,Zorgverzekeraars / SBZ (Health Insurers),2025,vereiste_dekkingsgraad_pct,114.0,115.6,vervangen,21,"Vereiste dekkingsgraad 115,6% | 114,9%"
42,Zorgverzekeraars / SBZ (Health Insurers),2025,deelnemers_actief,,10786,gevuld,20,Actieve deelnemers 10.786 | 10.456
42,Zorgverzekeraars / SBZ (Health Insurers),2025,deelnemers_slapers,,23027,gevuld,20,Gewezen deelnemers 23.027 | 23.391
42,Zorgverzekeraars / SBZ (Health Insurers),2025,deelnemers_pensioengerechtigd,,10357,gevuld,20,Pensioengerechtigden 10.357 | 9.723
42,Zorgverzekeraars / SBZ (Health Insurers),2025,deelnemers_totaal,33129,44816,vervangen,20,Totaal 44.816 | 44.241
42,Zorgverzekeraars / SBZ (Health Insurers),2024,nominale_dekkingsgraad_pct,,119.4,gevuld,21,"Actuele dekkingsgraad 131,4% | 119,4%"
42,Zorgverzekeraars / SBZ (Health Insurers),2024,reele_dekkingsgraad_pct,,91.1,gevuld,44,"reële dekkingsgraad. Deze bedraagt ultimo 2025 95,4% (2024: 91,1%)"
43,Zuivel- en aanverwante industrie / BPZ (Dairy Industry),2025,beleggingsrendement_pct,-14.8,-14.29,vervangen,8,"Totaalrendement inclusief hedges -14,29% (2024: 9,13%)"
43,Zuivel- en aanverwante industrie / BPZ (Dairy Industry),2025,nominale_dekkingsgraad_pct,,127.9,gevuld,8,"Actuele dekkingsgraad per 31 december 127,9%"
43,Zuivel- en aanverwante industrie / BPZ (Dairy Industry),2025,reele_dekkingsgraad_pct,,84.1,gevuld,8,"Reële dekkingsgraad per 31 december 84,1%"
43,Zuivel- en aanverwante industrie / BPZ (Dairy Industry),2025,deelnemers_actief,1970,9914,vervangen,8,Aantal deelnemers (actief en voortgezet) 9.914
43,Zuivel- en aanverwante industrie / BPZ (Dairy Industry),2025,deelnemers_slapers,5267,5899,vervangen,8,Aantal gewezen deelnemers (slapers) 5.899
43,Zuivel- en aanverwante industrie / BPZ (Dairy Industry),2025,deelnemers_pensioengerechtigd,1377,1689,vervangen,8,Aantal pensioengerechtigden 1.689
43,Zuivel- en aanverwante industrie / BPZ (Dairy Industry),2025,deelnemers_totaal,8614,17502,vervangen,125,Mutatieoverzicht deelnemers: Stand per 31 december 2025 ... Totaal 17.502
43,Zuivel- en aanverwante industrie / BPZ (Dairy Industry),2024,nominale_dekkingsgraad_pct,,116.9,gevuld,8,"Actuele dekkingsgraad per 31 december 127,9%"
43,Zuivel- en aanverwante industrie / BPZ (Dairy Industry),2024,deelnemers_totaal,,16594,gevuld,125,Mutatieoverzicht deelnemers: Stand per 31 december 2025 ... Totaal 17.502
45,IBM (SPIN) / IBM Nederland,2025,nominale_dekkingsgraad_pct,,130.9,gevuld,13,"Actuele Dekkingsgraad 130,9% 130,5%"
45,IBM (SPIN) / IBM Nederland,2025,reele_dekkingsgraad_pct,,104.3,gevuld,13,"Reële dekkingsgraad 104,3% 107,8%"
45,IBM (SPIN) / IBM Nederland,2025,deelnemers_actief,,1134,gevuld,5,Actieve deelnemers 1.134 1.624
45,IBM (SPIN) / IBM Nederland,2025,deelnemers_slapers,65,5808,vervangen,5,Gewezen deelnemers 5.808 5.581
45,IBM (SPIN) / IBM Nederland,2025,deelnemers_pensioengerechtigd,1715,5691,vervangen,5,Pensioengerechtigden 5.691 5.618
45,IBM (SPIN) / IBM Nederland,2025,deelnemers_totaal,1791,12633,vervangen,5,Totaal 12.633 12.823
45,IBM (SPIN) / IBM Nederland,2024,nominale_dekkingsgraad_pct,,130.5,gevuld,13,"Actuele Dekkingsgraad 130,9% 130,5%"
45,IBM (SPIN) / IBM Nederland,2024,reele_dekkingsgraad_pct,,107.8,gevuld,13,"Reële dekkingsgraad 104,3% 107,8%"
46,IKEA (STIP),2025,beleidsdekkingsgraad_pct,143.0,143.8,vervangen,7,"Beleidsdekkingsgraad 143,8 132,7 133,1 (kop 31-12-2025 31-12-2024 31-12-2023)"
46,IKEA (STIP),2025,nominale_dekkingsgraad_pct,,153.7,gevuld,7,"Actuele dekkingsgraad 153,7 128,5 125,3"
46,IKEA (STIP),2025,reele_dekkingsgraad_pct,,98.2,gevuld,16,"De reële dekkingsgraad ultimo 2025 bedraagt 98,2% (2024: 95,5%)"
46,IKEA (STIP),2025,deelnemers_actief,16833,7497,vervangen,7,"Deelnemers 7.497 41,4 7.387 42,8 (kop Aantal 2025 % Aantal 2024 %)"
46,IKEA (STIP),2025,deelnemers_slapers,817,9696,vervangen,7,"Gewezen deelnemers 9.696 53,5 9.058 52,5"
46,IKEA (STIP),2025,deelnemers_pensioengerechtigd,817,935,vervangen,7,"Pensioengerechtigden 935 5,1 817 4,7"
46,IKEA (STIP),2025,deelnemers_totaal,18467,18128,vervangen,7,"18.128 100,0 17.262 100,0"
46,IKEA (STIP),2024,nominale_dekkingsgraad_pct,,128.5,gevuld,7,"Actuele dekkingsgraad 153,7 128,5 125,3"
46,IKEA (STIP),2024,reele_dekkingsgraad_pct,,95.5,gevuld,16,"De reële dekkingsgraad ultimo 2025 bedraagt 98,2% (2024: 95,5%)"
47,KLM Algemeen (Ground Staff),2025,nominale_dekkingsgraad_pct,,143.7,gevuld,5,"Nominale dekkingsgraad 143,7% 132,1% 130,2%"
47,KLM Algemeen (Ground Staff),2025,reele_dekkingsgraad_pct,,103.3,gevuld,5,"Reële dekkingsgraad 103,3% 89,5% 83,7%"
47,KLM Algemeen (Ground Staff),2024,nominale_dekkingsgraad_pct,,132.1,gevuld,5,"Nominale dekkingsgraad 143,7% 132,1% 130,2%"
47,KLM Algemeen (Ground Staff),2024,reele_dekkingsgraad_pct,,89.5,gevuld,5,"Reële dekkingsgraad 103,3% 89,5% 83,7%"
48,KLM Cabinepersoneel (Cabin Crew),2025,beleggingsrendement_pct,-3.7,-4.2,vervangen,3,"Totaalrendement -4,2% 9,0% (kolommen 2025 2024)"
48,KLM Cabinepersoneel (Cabin Crew),2025,nominale_dekkingsgraad_pct,,132.7,gevuld,3,"Actuele dekkingsgraad 132,7% 120,1%"
48,KLM Cabinepersoneel (Cabin Crew),2025,reele_dekkingsgraad_pct,,95.4,gevuld,100,"De reële dekkingsgraad bedraagt 95,4% (2024: 80,0%)"
48,KLM Cabinepersoneel (Cabin Crew),2024,nominale_dekkingsgraad_pct,,120.1,gevuld,3,"Actuele dekkingsgraad 132,7% 120,1%"
48,KLM Cabinepersoneel (Cabin Crew),2024,reele_dekkingsgraad_pct,,80.0,gevuld,100,"De reële dekkingsgraad bedraagt 95,4% (2024: 80,0%)"
49,KLM Vliegend Personeel (Flight Crew),2025,beleidsdekkingsgraad_pct,160.0,157.8,vervangen,6,"Beleidsdekkingsgraad 157,8% 161,5%"
49,KLM Vliegend Personeel (Flight Crew),2025,nominale_dekkingsgraad_pct,,158.2,gevuld,6,"Nominale dekkingsgraad 158,2% 152,5%"
49,KLM Vliegend Personeel (Flight Crew),2025,reele_dekkingsgraad_pct,,115.1,gevuld,6,"Reële dekkingsgraad 115,1% 104,4%"
49,KLM Vliegend Personeel (Flight Crew),2025,deelnemers_actief,3440,3603,vervangen,6,Aantal actieve deelnemers 3.603 3.440
49,KLM Vliegend Personeel (Flight Crew),2025,deelnemers_slapers,85,73,vervangen,6,Aantal gewezen deelnemers 73 85
49,KLM Vliegend Personeel (Flight Crew),2025,deelnemers_pensioengerechtigd,2449,2494,vervangen,6,Aantal pensioengerechtigden 2.494 2.449
49,KLM Vliegend Personeel (Flight Crew),2025,deelnemers_totaal,5974,6170,vervangen,6,Totaal 6.170 5.974
49,KLM Vliegend Personeel (Flight Crew),2024,nominale_dekkingsgraad_pct,,152.5,gevuld,6,"Nominale dekkingsgraad 158,2% 152,5%"
49,KLM Vliegend Personeel (Flight Crew),2024,reele_dekkingsgraad_pct,,104.4,gevuld,6,"Reële dekkingsgraad 115,1% 104,4%"
49,KLM Vliegend Personeel (Flight Crew),2024,deelnemers_actief,,3440,gevuld,6,Aantal actieve deelnemers 3.603 3.440
50,Mediahuis Nederland (Mhpf),2025,nominale_dekkingsgraad_pct,,129.0,gevuld,8,"Actuele dekkingsgraad 129,0% 121,8%"
50,Mediahuis Nederland (Mhpf),2025,reele_dekkingsgraad_pct,,93.2,gevuld,12,"Reële dekkingsgraad 93,2% 90,1%"
50,Mediahuis Nederland (Mhpf),2025,deelnemers_actief,,1045,gevuld,8,Actieve deelnemers 1.045 1.019
50,Mediahuis Nederland (Mhpf),2025,deelnemers_slapers,,4214,gevuld,8,Gewezen deelnemers 4.214 4.246
50,Mediahuis Nederland (Mhpf),2025,deelnemers_pensioengerechtigd,,2147,gevuld,8,Pensioengerechtigden 2.147 2.044
50,Mediahuis Nederland (Mhpf),2025,deelnemers_totaal,,7406,gevuld,8,Totaal 7.406 7.309
50,Mediahuis Nederland (Mhpf),2024,nominale_dekkingsgraad_pct,,121.8,gevuld,8,"Actuele dekkingsgraad 129,0% 121,8%"
50,Mediahuis Nederland (Mhpf),2024,reele_dekkingsgraad_pct,,90.1,gevuld,12,"Reële dekkingsgraad 93,2% 90,1%"
50,Mediahuis Nederland (Mhpf),2024,deelnemers_actief,,1019,gevuld,8,Actieve deelnemers 1.045 1.019
50,Mediahuis Nederland (Mhpf),2024,deelnemers_slapers,,4246,gevuld,8,Gewezen deelnemers 4.214 4.246
50,Mediahuis Nederland (Mhpf),2024,deelnemers_pensioengerechtigd,,2044,gevuld,8,Pensioengerechtigden 2.147 2.044
50,Mediahuis Nederland (Mhpf),2024,deelnemers_totaal,,7309,gevuld,8,Totaal 7.406 7.309
51,Shell (SSPF),2025,nominale_dekkingsgraad_pct,,135.9,gevuld,76,"De dekkingsgraad ultimo 2025 is 135,9%"
51,Shell (SSPF),2025,deelnemers_actief,,4111,gevuld,41,Actieve deelnemers 2025 4.111 | 2024 4.882
51,Shell (SSPF),2025,deelnemers_slapers,,6377,gevuld,41,Gewezen deelnemers 2025 6.377 | 2024 6.195
51,Shell (SSPF),2025,deelnemers_pensioengerechtigd,,18532,gevuld,41,Ingegane pensioenen 2025 18.532 | 2024 18.604
51,Shell (SSPF),2025,deelnemers_totaal,,29020,gevuld,41,Totaal 2025 29.020 | 2024 29.681
51,Shell (SSPF),2024,nominale_dekkingsgraad_pct,,129.1,gevuld,76,"De dekkingsgraad ultimo 2025 is 135,9%"
51,Shell (SSPF),2024,deelnemers_pensioengerechtigd,,18604,gevuld,41,Ingegane pensioenen 2025 18.532 | 2024 18.604
56,Foodservice & Groothandel in Levensmiddelen (Foodservice & Wholesale),2025,beleggingsrendement_pct,1.3,-11.0,vervangen,7,"Beleggingsrendement -11,0% 8,80%"
56,Foodservice & Groothandel in Levensmiddelen (Foodservice & Wholesale),2025,beleidsdekkingsgraad_pct,112.0,126.1,vervangen,7,"Beleidsdekkingsgraad 126,1% 120,5%"
56,Foodservice & Groothandel in Levensmiddelen (Foodservice & Wholesale),2025,nominale_dekkingsgraad_pct,,130.6,gevuld,7,"Dekkingsgraad 130,6% 119,3%"
56,Foodservice & Groothandel in Levensmiddelen (Foodservice & Wholesale),2025,reele_dekkingsgraad_pct,,88.8,gevuld,13,"Ultimo 2025 bedroeg de reële dekkingsgraad 88,80% (ultimo 2024 was dit 88,20%)"
56,Foodservice & Groothandel in Levensmiddelen (Foodservice & Wholesale),2025,vereiste_dekkingsgraad_pct,106.9,111.9,vervangen,80,"Vereiste dekkingsgraad (strategische verdeling) 111,9% 111,6%"
56,Foodservice & Groothandel in Levensmiddelen (Foodservice & Wholesale),2025,aum_euro_bn,0.331,1.849721,vervangen,7,Belegd vermogen (in duizenden euro) 1.849.721 2.005.546
56,Foodservice & Groothandel in Levensmiddelen (Foodservice & Wholesale),2025,deelnemers_actief,,22240,gevuld,7,Deelnemers 22.240 21.754
56,Foodservice & Groothandel in Levensmiddelen (Foodservice & Wholesale),2025,deelnemers_slapers,35373,37259,vervangen,7,Gewezen deelnemers 37.259 35.373
56,Foodservice & Groothandel in Levensmiddelen (Foodservice & Wholesale),2025,deelnemers_pensioengerechtigd,12123,12695,vervangen,7,Pensioengerechtigden 12.695 12.123
56,Foodservice & Groothandel in Levensmiddelen (Foodservice & Wholesale),2025,deelnemers_totaal,47514,72194,vervangen,7,Totaal 72.194 69.250
56,Foodservice & Groothandel in Levensmiddelen (Foodservice & Wholesale),2024,nominale_dekkingsgraad_pct,,119.3,gevuld,7,"Dekkingsgraad 130,6% 119,3%"
56,Foodservice & Groothandel in Levensmiddelen (Foodservice & Wholesale),2024,reele_dekkingsgraad_pct,,88.2,gevuld,13,"Ultimo 2025 bedroeg de reële dekkingsgraad 88,80% (ultimo 2024 was dit 88,20%)"
56,Foodservice & Groothandel in Levensmiddelen (Foodservice & Wholesale),2024,deelnemers_actief,,21754,gevuld,7,Deelnemers 22.240 21.754
57,Media PNO (Creative and Digital Sector),2025,nominale_dekkingsgraad_pct,,128.8,gevuld,8,"Actuele dekkingsgraad 128,8% 114,2%"
57,Media PNO (Creative and Digital Sector),2025,reele_dekkingsgraad_pct,,88.3,gevuld,13,"De reële dekkingsgraad bedraagt voor PNO Media 88,3%."
57,Media PNO (Creative and Digital Sector),2025,vereiste_dekkingsgraad_pct,117.3,117.9,vervangen,13,"volgens het financieel toetsingskader vereiste dekkingsgraad van 117,9 %"
57,Media PNO (Creative and Digital Sector),2025,deelnemers_actief,200,22263,vervangen,8,Deelnemers 22.263 22.464
57,Media PNO (Creative and Digital Sector),2025,deelnemers_slapers,35520,36785,vervangen,8,Gewezen deelnemers 36.785 35.520
57,Media PNO (Creative and Digital Sector),2025,deelnemers_pensioengerechtigd,21,12090,vervangen,8,Pensioengerechtigden 12.090 11.589
57,Media PNO (Creative and Digital Sector),2024,nominale_dekkingsgraad_pct,,114.2,gevuld,8,"Actuele dekkingsgraad 128,8% 114,2%"
57,Media PNO (Creative and Digital Sector),2024,deelnemers_actief,,22464,gevuld,8,Deelnemers 22.263 22.464
58,Metalektro / PME,2025,nominale_dekkingsgraad_pct,,125.3,gevuld,10,"Dekkingsgraad (D = C / A) 2025 125,3% | 2024 113,0%"
58,Metalektro / PME,2024,nominale_dekkingsgraad_pct,,113.0,gevuld,10,"Dekkingsgraad (D = C / A) 2025 125,3% | 2024 113,0%"
60,"Schilders-, Afwerkings- en Glaszetbedrijf (Painters and Glaziers)",2025,nominale_dekkingsgraad_pct,,150.7,gevuld,7,"Actuele dekkingsgraad (in %) 150,7 131,2 125,0"
60,"Schilders-, Afwerkings- en Glaszetbedrijf (Painters and Glaziers)",2025,reele_dekkingsgraad_pct,,102.7,gevuld,7,"Reële dekkingsgraad (in %) 102,7 97,5 94,1"
60,"Schilders-, Afwerkings- en Glaszetbedrijf (Painters and Glaziers)",2025,vereiste_dekkingsgraad_pct,119.5,121.2,vervangen,7,"Vereiste dekkingsgraad volgens FTK (in %) 121,2 121,8 119,7"
60,"Schilders-, Afwerkings- en Glaszetbedrijf (Painters and Glaziers)",2025,deelnemers_actief,103000,34560,vervangen,7,Actieve deelnemers 34.560 34.465 34.685
60,"Schilders-, Afwerkings- en Glaszetbedrijf (Painters and Glaziers)",2025,deelnemers_totaal,171322,102989,vervangen,7,Totaal 102.989 102.787 103.420
60,"Schilders-, Afwerkings- en Glaszetbedrijf (Painters and Glaziers)",2024,nominale_dekkingsgraad_pct,,131.2,gevuld,7,"Actuele dekkingsgraad (in %) 150,7 131,2 125,0"
61,Schoonmaak- en Glazenwassersbedrijf,2025,beleggingsrendement_pct,,-1.8,gevuld,6,"Beleggingsrendement, incl. risicoafdekking -1,8% 7,5%"
61,Schoonmaak- en Glazenwassersbedrijf,2025,beleidsdekkingsgraad_pct,,123.3,gevuld,6,"Beleidsdekkingsgraad 123,3% 113,2%"
61,Schoonmaak- en Glazenwassersbedrijf,2025,nominale_dekkingsgraad_pct,,132.0,gevuld,6,"Aanwezige dekkingsgraad 132,0% 113,8%"
61,Schoonmaak- en Glazenwassersbedrijf,2025,reele_dekkingsgraad_pct,,88.8,gevuld,6,"Reële dekkingsgraad 88,8% 83,6%"
61,Schoonmaak- en Glazenwassersbedrijf,2025,vereiste_dekkingsgraad_pct,,118.8,gevuld,6,"Vereiste dekkingsgraad 118,8% 116,4%"
61,Schoonmaak- en Glazenwassersbedrijf,2025,aum_euro_bn,,6.779873,gevuld,6,Belegd vermogen (bedragen in € 1.000) 6.779.873 6.715.842
61,Schoonmaak- en Glazenwassersbedrijf,2025,deelnemers_actief,,118706,gevuld,5,Aantal actieve deelnemers einde jaar 118.706 116.644
61,Schoonmaak- en Glazenwassersbedrijf,2025,deelnemers_slapers,,291973,gevuld,5,Aantal gewezen deelnemers einde jaar 291.973 278.717
61,Schoonmaak- en Glazenwassersbedrijf,2025,deelnemers_pensioengerechtigd,,47552,gevuld,85,"Pensioengerechtigden 47.552 ... 43.963 (aantal, specificatie voorziening naar categorieën)"
61,Schoonmaak- en Glazenwassersbedrijf,2024,nominale_dekkingsgraad_pct,,113.8,gevuld,6,"Aanwezige dekkingsgraad 132,0% 113,8%"
62,"Vlakglas, Verf, Glasbewerking- en het Glazeniersbedrijf / BPFV (Flat Glass, Paint, and Glazing)",2025,beleggingsrendement_pct,-7.5,-7.35,vervangen,8,"Totale portefeuille rendement in % -7,35 10,96 9,23 (kop 2025 2024 2023)"
62,"Vlakglas, Verf, Glasbewerking- en het Glazeniersbedrijf / BPFV (Flat Glass, Paint, and Glazing)",2025,nominale_dekkingsgraad_pct,,132.0,gevuld,8,"Aanwezige dekkingsgraad 132,0% 120,9% 116,2%"
62,"Vlakglas, Verf, Glasbewerking- en het Glazeniersbedrijf / BPFV (Flat Glass, Paint, and Glazing)",2025,reele_dekkingsgraad_pct,,91.8,gevuld,8,"Reële dekkingsgraad 91,8% 88,8% 82,6%"
62,"Vlakglas, Verf, Glasbewerking- en het Glazeniersbedrijf / BPFV (Flat Glass, Paint, and Glazing)",2025,vereiste_dekkingsgraad_pct,107.2,108.7,vervangen,8,"Vereiste dekkingsgraad 108,7% 115,8% 115,7%"
62,"Vlakglas, Verf, Glasbewerking- en het Glazeniersbedrijf / BPFV (Flat Glass, Paint, and Glazing)",2025,deelnemers_actief,,12591,gevuld,7,Deelnemers (incl. arbeidsongeschikten) 12.591 12.474 12.472
62,"Vlakglas, Verf, Glasbewerking- en het Glazeniersbedrijf / BPFV (Flat Glass, Paint, and Glazing)",2025,deelnemers_slapers,26707,27186,vervangen,7,Gewezen deelnemers 27.186 26.707 26.485
62,"Vlakglas, Verf, Glasbewerking- en het Glazeniersbedrijf / BPFV (Flat Glass, Paint, and Glazing)",2025,deelnemers_pensioengerechtigd,11,10811,vervangen,7,Pensioengerechtigden 10.811 10.281 9.802
62,"Vlakglas, Verf, Glasbewerking- en het Glazeniersbedrijf / BPFV (Flat Glass, Paint, and Glazing)",2025,deelnemers_totaal,26729,50588,vervangen,7,Totaal aantal verzekerden 50.588 49.462 48.759
62,"Vlakglas, Verf, Glasbewerking- en het Glazeniersbedrijf / BPFV (Flat Glass, Paint, and Glazing)",2024,nominale_dekkingsgraad_pct,,120.9,gevuld,8,"Aanwezige dekkingsgraad 132,0% 120,9% 116,2%"
62,"Vlakglas, Verf, Glasbewerking- en het Glazeniersbedrijf / BPFV (Flat Glass, Paint, and Glazing)",2024,reele_dekkingsgraad_pct,,88.8,gevuld,8,"Reële dekkingsgraad 91,8% 88,8% 82,6%"
62,"Vlakglas, Verf, Glasbewerking- en het Glazeniersbedrijf / BPFV (Flat Glass, Paint, and Glazing)",2024,deelnemers_actief,,12474,gevuld,7,Deelnemers (incl. arbeidsongeschikten) 12.591 12.474 12.472
62,"Vlakglas, Verf, Glasbewerking- en het Glazeniersbedrijf / BPFV (Flat Glass, Paint, and Glazing)",2024,deelnemers_slapers,,26707,gevuld,7,Gewezen deelnemers 27.186 26.707 26.485
62,"Vlakglas, Verf, Glasbewerking- en het Glazeniersbedrijf / BPFV (Flat Glass, Paint, and Glazing)",2024,deelnemers_pensioengerechtigd,,10281,gevuld,7,Pensioengerechtigden 10.811 10.281 9.802
62,"Vlakglas, Verf, Glasbewerking- en het Glazeniersbedrijf / BPFV (Flat Glass, Paint, and Glazing)",2024,deelnemers_totaal,,49462,gevuld,7,Totaal aantal verzekerden 50.588 49.462 48.759
63,"Vlees, Vleeswaren, Gemaksvoeding en Pluimveevlees / VLEP (Meat and Poultry)",2025,nominale_dekkingsgraad_pct,,130.5,gevuld,8,"Aanwezige dekkingsgraad 130,5% 114,7%"
63,"Vlees, Vleeswaren, Gemaksvoeding en Pluimveevlees / VLEP (Meat and Poultry)",2025,reele_dekkingsgraad_pct,,87.9,gevuld,8,"Reële dekkingsgraad 87,9% 84,7%"
63,"Vlees, Vleeswaren, Gemaksvoeding en Pluimveevlees / VLEP (Meat and Poultry)",2025,deelnemers_actief,28397,28899,vervangen,7,Actieve deelnemers (inclusief arbeidsongeschikten) 28.899 28.397
63,"Vlees, Vleeswaren, Gemaksvoeding en Pluimveevlees / VLEP (Meat and Poultry)",2025,deelnemers_slapers,91990,95797,vervangen,7,Gewezen deelnemers 95.797 91.990
63,"Vlees, Vleeswaren, Gemaksvoeding en Pluimveevlees / VLEP (Meat and Poultry)",2025,deelnemers_pensioengerechtigd,16969,17874,vervangen,7,Pensioengerechtigden 17.874 16.969
63,"Vlees, Vleeswaren, Gemaksvoeding en Pluimveevlees / VLEP (Meat and Poultry)",2025,deelnemers_totaal,137356,142570,vervangen,7,Totaal 142.570 137.356
63,"Vlees, Vleeswaren, Gemaksvoeding en Pluimveevlees / VLEP (Meat and Poultry)",2024,nominale_dekkingsgraad_pct,,114.7,gevuld,8,"Aanwezige dekkingsgraad 130,5% 114,7%"
63,"Vlees, Vleeswaren, Gemaksvoeding en Pluimveevlees / VLEP (Meat and Poultry)",2024,reele_dekkingsgraad_pct,,84.7,gevuld,8,"Reële dekkingsgraad 87,9% 84,7%"
65,Centraal Beheer APF,2025,aum_euro_bn,,7.742535,gevuld,13,Kerncĳfers Centraal Beheer APF: Totaal belegd vermogen 7.742.535 7.573.757 (x € 1.000; kop 31-12-2025 31-12-2024)
65,Centraal Beheer APF,2025,deelnemers_actief,,33380,gevuld,13,Actieven en arbeidsongeschikten 33.380 34.623
65,Centraal Beheer APF,2025,deelnemers_slapers,,46154,gevuld,13,Gewezen deelnemers 46.154 42.037
65,Centraal Beheer APF,2025,deelnemers_pensioengerechtigd,,11232,gevuld,13,Pensioengerechtigden 11.232 10.273
65,Centraal Beheer APF,2025,deelnemers_totaal,,90766,gevuld,13,Totaal aantal deelnemers 90.766 86.933
65,Centraal Beheer APF,2024,aum_euro_bn,,7.573757,gevuld,13,Kerncĳfers Centraal Beheer APF: Totaal belegd vermogen 7.742.535 7.573.757 (x € 1.000; kop 31-12-2025 31-12-2024)
65,Centraal Beheer APF,2024,deelnemers_actief,,34623,gevuld,13,Actieven en arbeidsongeschikten 33.380 34.623
65,Centraal Beheer APF,2024,deelnemers_slapers,,42037,gevuld,13,Gewezen deelnemers 46.154 42.037
65,Centraal Beheer APF,2024,deelnemers_pensioengerechtigd,,10273,gevuld,13,Pensioengerechtigden 11.232 10.273
65,Centraal Beheer APF,2024,deelnemers_totaal,,86933,gevuld,13,Totaal aantal deelnemers 90.766 86.933
66,De Nationale APF,2025,aum_euro_bn,,3.645,gevuld,9,Beheerd vermogen (in mln) 3.645
66,De Nationale APF,2025,deelnemers_actief,6760,7091,vervangen,9,Actieve deelnemers 7.091
66,De Nationale APF,2025,deelnemers_pensioengerechtigd,6984,7314,vervangen,9,Pensioengerechtigden 7.314
66,De Nationale APF,2025,deelnemers_totaal,,35308,gevuld,9,Totaal 35.308
66,De Nationale APF,2024,aum_euro_bn,,3.778,gevuld,9,Beheerd vermogen (in mln) 3.645
66,De Nationale APF,2024,deelnemers_actief,,6760,gevuld,9,Actieve deelnemers 7.091
66,De Nationale APF,2024,deelnemers_pensioengerechtigd,,6984,gevuld,9,Pensioengerechtigden 7.314
66,De Nationale APF,2024,deelnemers_totaal,,34558,gevuld,9,Totaal 35.308
70,Abbott / Abbott Nederland,2025,nominale_dekkingsgraad_pct,,148.9,gevuld,14,"Aanwezige dekkingsgraad 148,9% 127,5% 128,5%"
70,Abbott / Abbott Nederland,2025,reele_dekkingsgraad_pct,,94.5,gevuld,14,"Reële dekkingsgraad 94,5% 97,2% 95,6%"
71,ABN AMRO,2025,nominale_dekkingsgraad_pct,,130.5,gevuld,115,"Nominale dekkingsgraad 130,5% | 124,7%"
71,ABN AMRO,2025,reele_dekkingsgraad_pct,,93,gevuld,6,Reële dekkingsgraad 93% (2025) | 94% (2024)
71,ABN AMRO,2025,deelnemers_actief,,21205,gevuld,6,Deelnemers 21.205 | 21.136
71,ABN AMRO,2025,deelnemers_slapers,51894,50967,vervangen,6,Gewezen deelnemers 50.967 | 51.894
71,ABN AMRO,2025,deelnemers_pensioengerechtigd,31258,32656,vervangen,6,Pensioengerechtigden 32.656 | 31.258
71,ABN AMRO,2025,deelnemers_totaal,83196,104828,vervangen,6,Totaal 104.828 | 104.288
72,Achmea,2025,nominale_dekkingsgraad_pct,,147.8,gevuld,8,"Actuele dekkingsgraad 147,8 133,1 132,6"
72,Achmea,2025,reele_dekkingsgraad_pct,,102.3,gevuld,51,"Wettelijke reële dekkingsgraad 102,3 100,9 100,5 (kop 31-12-2025 31-12-2024)"
72,Achmea,2025,deelnemers_actief,12358,12829,vervangen,8,Actieve deelnemers 12.829 12.358 12.135
72,Achmea,2025,deelnemers_pensioengerechtigd,8139,8743,vervangen,8,Pensioengerechtigden 8.743 8.139 7.628
72,Achmea,2025,deelnemers_totaal,40103,41074,vervangen,8,41.074 40.103 39.448 (totaalregel zonder label)
72,Achmea,2024,nominale_dekkingsgraad_pct,,133.1,gevuld,8,"Actuele dekkingsgraad 147,8 133,1 132,6"
72,Achmea,2024,reele_dekkingsgraad_pct,,100.9,gevuld,51,"Wettelijke reële dekkingsgraad 102,3 100,9 100,5 (kop 31-12-2025 31-12-2024)"
73,Ahold Delhaize,2025,nominale_dekkingsgraad_pct,,139.9,gevuld,94,"Eind 2025 bedroeg de maandelijkse dekkingsgraad 139,9% (2024: 128,1%)."
73,Ahold Delhaize,2025,reele_dekkingsgraad_pct,,94.7,gevuld,96,"Per eind 2025 is de reële dekkingsgraad van Ahold Delhaize Pensioen gelijk aan 94,7% (2024: 91,0%)."
73,Ahold Delhaize,2025,deelnemers_actief,61885,62728,vervangen,93,Deelnemers 62.728 | 61.885
73,Ahold Delhaize,2025,deelnemers_slapers,51743,52548,vervangen,93,Gewezen deelnemers 52.548 | 51.743
73,Ahold Delhaize,2025,deelnemers_pensioengerechtigd,13875,14492,vervangen,93,Pensioengerechtigden 14.492 | 13.875
73,Ahold Delhaize,2025,deelnemers_totaal,127503,129768,vervangen,93,Totaal 129.768 | 127.503
73,Ahold Delhaize,2024,nominale_dekkingsgraad_pct,,128.1,gevuld,94,"Eind 2025 bedroeg de maandelijkse dekkingsgraad 139,9% (2024: 128,1%)."
73,Ahold Delhaize,2024,reele_dekkingsgraad_pct,,91.0,gevuld,96,"Per eind 2025 is de reële dekkingsgraad van Ahold Delhaize Pensioen gelijk aan 94,7% (2024: 91,0%)."
73,Ahold Delhaize,2024,deelnemers_actief,,61885,gevuld,93,Deelnemers 62.728 | 61.885
73,Ahold Delhaize,2024,deelnemers_slapers,,51743,gevuld,93,Gewezen deelnemers 52.548 | 51.743
73,Ahold Delhaize,2024,deelnemers_pensioengerechtigd,,13875,gevuld,93,Pensioengerechtigden 14.492 | 13.875
73,Ahold Delhaize,2024,deelnemers_totaal,,127503,gevuld,93,Totaal 129.768 | 127.503
74,Alliance,2025,beleggingsrendement_pct,-2.1,-2.33,vervangen,39,"Het totale fondsrendement bedroeg in 2025 -2,33% (inclusief valutahedge)"
74,Alliance,2025,nominale_dekkingsgraad_pct,,131.7,gevuld,10,"Actuele dekkingsgraad 131,7 120,2"
74,Alliance,2025,reele_dekkingsgraad_pct,,94.8,gevuld,10,"Reële dekkingsgraad 94,8 93,2"
74,Alliance,2025,vereiste_dekkingsgraad_pct,124.1,123.7,vervangen,10,"Vereiste dekkingsgraad 123,7 124,3"
74,Alliance,2025,deelnemers_actief,1182,1246,vervangen,10,Actieve deelnemers 1.246 1.182
74,Alliance,2025,deelnemers_slapers,680,2402,vervangen,10,Gewezen deelnemers 2.402 2.460
74,Alliance,2025,deelnemers_pensioengerechtigd,680,2085,vervangen,10,Pensioengerechtigden 2.085 2.074
74,Alliance,2025,deelnemers_totaal,2542,5733,vervangen,10,5.733 5.716
74,Alliance,2024,nominale_dekkingsgraad_pct,,120.2,gevuld,10,"Actuele dekkingsgraad 131,7 120,2"
75,"APF (AkzoNobel, Nouryon, Nobian, Salt)",2025,nominale_dekkingsgraad_pct,,129.7,gevuld,7,"Actueel 129,7"
75,"APF (AkzoNobel, Nouryon, Nobian, Salt)",2025,vereiste_dekkingsgraad_pct,117.1,116.8,vervangen,7,"Vereist 116,8"
75,"APF (AkzoNobel, Nouryon, Nobian, Salt)",2025,deelnemers_actief,9074,4640,vervangen,6,4.640
75,"APF (AkzoNobel, Nouryon, Nobian, Salt)",2025,deelnemers_slapers,15451,9109,vervangen,6,9.109
75,"APF (AkzoNobel, Nouryon, Nobian, Salt)",2025,deelnemers_pensioengerechtigd,5041,15198,vervangen,6,15.198
75,"APF (AkzoNobel, Nouryon, Nobian, Salt)",2025,deelnemers_totaal,29566,28947,vervangen,6,28.947
75,"APF (AkzoNobel, Nouryon, Nobian, Salt)",2024,nominale_dekkingsgraad_pct,,119,gevuld,7,"Actueel 129,7"
75,"APF (AkzoNobel, Nouryon, Nobian, Salt)",2024,deelnemers_actief,,5041,gevuld,6,4.640
75,"APF (AkzoNobel, Nouryon, Nobian, Salt)",2024,deelnemers_slapers,,9074,gevuld,6,9.109
75,"APF (AkzoNobel, Nouryon, Nobian, Salt)",2024,deelnemers_pensioengerechtigd,,15451,gevuld,6,15.198
75,"APF (AkzoNobel, Nouryon, Nobian, Salt)",2024,deelnemers_totaal,,29566,gevuld,6,28.947
77,AT&T Nederland,2025,nominale_dekkingsgraad_pct,,134.5,gevuld,3,"Actuele dekkingsgraad 134,5%"
77,AT&T Nederland,2025,reele_dekkingsgraad_pct,,97.8,gevuld,3,"Reële dekkingsgraad 97,8%"
77,AT&T Nederland,2025,deelnemers_slapers,343,327,vervangen,3,Houders premievrije polissen 327
77,AT&T Nederland,2025,deelnemers_pensioengerechtigd,137,147,vervangen,3,Gepensioneerden 147
77,AT&T Nederland,2025,deelnemers_totaal,,474,gevuld,3,Totaal aantal deelnemers 474
77,AT&T Nederland,2024,nominale_dekkingsgraad_pct,,121.7,gevuld,3,"Actuele dekkingsgraad 134,5%"
77,AT&T Nederland,2024,deelnemers_actief,,0,gevuld,3,Actieve deelnemers 0
77,AT&T Nederland,2024,deelnemers_slapers,,343,gevuld,3,Houders premievrije polissen 327
77,AT&T Nederland,2024,deelnemers_pensioengerechtigd,,137,gevuld,3,Gepensioneerden 147
77,AT&T Nederland,2024,deelnemers_totaal,,480,gevuld,3,Totaal aantal deelnemers 474
78,Atos,2025,nominale_dekkingsgraad_pct,,139.8,gevuld,43,"Actuele dekkingsgraad 139,8 127,6"
78,Atos,2025,reele_dekkingsgraad_pct,,100.0,gevuld,43,"Reële dekkingsgraad 100,0 97,5"
78,Atos,2025,deelnemers_slapers,11300,10668,vervangen,6,Gewezen deelnemers 10.668 11.230
78,Atos,2025,deelnemers_pensioengerechtigd,4405,4773,vervangen,6,Pensioengerechtigden 4.773 4.405
78,Atos,2025,deelnemers_totaal,15705,15503,vervangen,6,Totaal deelnemers 15.503 15.705
78,Atos,2024,nominale_dekkingsgraad_pct,,127.6,gevuld,43,"Actuele dekkingsgraad 139,8 127,6"
78,Atos,2024,reele_dekkingsgraad_pct,,97.5,gevuld,43,"Reële dekkingsgraad 100,0 97,5"
78,Atos,2024,deelnemers_actief,,0,gevuld,48,Vanaf 1 januari 2014 is er geen actieve pensioenopbouw meer. Er zijn geen actieve deelnemers meer
78,Atos,2024,deelnemers_slapers,,11230,gevuld,6,Gewezen deelnemers 10.668 11.230
78,Atos,2024,deelnemers_pensioengerechtigd,,4405,gevuld,6,Pensioengerechtigden 4.773 4.405
78,Atos,2024,deelnemers_totaal,,15705,gevuld,6,Totaal deelnemers 15.503 15.705
79,Avebe,2025,beleggingsrendement_pct,4.6,4.1,vervangen,23,"Rendement beleggingen voor vermogensbeheerkosten 4,1% 17,5%"
79,Avebe,2025,nominale_dekkingsgraad_pct,,148.3,gevuld,5,"Actuele dekkingsgraad 148,3 137,6"
79,Avebe,2025,reele_dekkingsgraad_pct,,109.5,gevuld,5,"Reële dekkingsgraad 109,5 106,0"
79,Avebe,2025,deelnemers_actief,883,998,vervangen,4,Deelnemers 998 1.014
79,Avebe,2025,deelnemers_slapers,464,904,vervangen,4,Gewezen deelnemers 904 880
79,Avebe,2025,deelnemers_pensioengerechtigd,1477,2039,vervangen,4,Pensioengerechtigden 2.039 2.088
79,Avebe,2025,deelnemers_totaal,2824,3941,vervangen,4,3.941 3.982 (Hier wordt het aantal verzekerden weergegeven)
79,Avebe,2024,nominale_dekkingsgraad_pct,,137.6,gevuld,5,"Actuele dekkingsgraad 148,3 137,6"
79,Avebe,2024,reele_dekkingsgraad_pct,,106.0,gevuld,5,"Reële dekkingsgraad 109,5 106,0"
79,Avebe,2024,deelnemers_actief,,1014,gevuld,4,Deelnemers 998 1.014
79,Avebe,2024,deelnemers_slapers,,880,gevuld,4,Gewezen deelnemers 904 880
79,Avebe,2024,deelnemers_pensioengerechtigd,,2088,gevuld,4,Pensioengerechtigden 2.039 2.088
79,Avebe,2024,deelnemers_totaal,,3982,gevuld,4,3.941 3.982 (Hier wordt het aantal verzekerden weergegeven)
80,Avery Dennison,2025,nominale_dekkingsgraad_pct,,144.4,gevuld,7,"Actuele dekkingsgraad 2025 144,4 | 2024 130,6"
80,Avery Dennison,2025,reele_dekkingsgraad_pct,,101.9,gevuld,34,"De reële dekkingsgraad van het fonds bedraagt ultimo 2025: 101,9% (2024: 100,0%)"
80,Avery Dennison,2025,vereiste_dekkingsgraad_pct,116.9,116.1,vervangen,7,"Vereiste dekkingsgraad 2025 116,1 | 2024 117,3"
80,Avery Dennison,2025,deelnemers_actief,10066,487,vervangen,7,Deelnemers 2025 487 | 2024 473
80,Avery Dennison,2025,deelnemers_slapers,473,1208,vervangen,7,Gewezen deelnemers 2025 1.208 | 2024 1.188
80,Avery Dennison,2025,deelnemers_pensioengerechtigd,473,708,vervangen,7,Pensioengerechtigden 2025 708 | 2024 704
80,Avery Dennison,2025,deelnemers_totaal,11012,2403,vervangen,7,(totaalregel) 2025 2.403 | 2024 2.365
80,Avery Dennison,2024,nominale_dekkingsgraad_pct,,130.6,gevuld,7,"Actuele dekkingsgraad 2025 144,4 | 2024 130,6"
80,Avery Dennison,2024,reele_dekkingsgraad_pct,,100.0,gevuld,34,"De reële dekkingsgraad van het fonds bedraagt ultimo 2025: 101,9% (2024: 100,0%)"
80,Avery Dennison,2024,deelnemers_actief,,473,gevuld,7,Deelnemers 2025 487 | 2024 473
80,Avery Dennison,2024,deelnemers_slapers,,1188,gevuld,7,Gewezen deelnemers 2025 1.208 | 2024 1.188
80,Avery Dennison,2024,deelnemers_pensioengerechtigd,,704,gevuld,7,Pensioengerechtigden 2025 708 | 2024 704
80,Avery Dennison,2024,deelnemers_totaal,,2365,gevuld,7,(totaalregel) 2025 2.403 | 2024 2.365
81,Brocacef,2025,beleggingsrendement_pct,-0.8,-1.11,vervangen,4,"Beleggingsrendement in % (1,11) 8,88"
81,Brocacef,2025,nominale_dekkingsgraad_pct,,142.9,gevuld,4,"Aanwezige dekkingsgraad (in %) 142,9 126,0"
81,Brocacef,2025,reele_dekkingsgraad_pct,,99.4,gevuld,60,"Reële dekkingsgraad 99,4 95,3"
81,Brocacef,2025,vereiste_dekkingsgraad_pct,117.5,117.2,vervangen,4,"Vereiste dekkingsgraad (in %) 117,2 117,0"
81,Brocacef,2025,deelnemers_actief,1082,1065,vervangen,4,Actieve deelnemers 1.065 1.082
81,Brocacef,2025,deelnemers_slapers,1846,1915,vervangen,4,Premievrije rechten ('slapers') 1.915 1.846
81,Brocacef,2025,deelnemers_pensioengerechtigd,355,1197,vervangen,4,Pensioentrekkenden 1.197 1.171
81,Brocacef,2025,deelnemers_totaal,3283,4215,vervangen,4,Totaal 4.215 4.135
81,Brocacef,2024,nominale_dekkingsgraad_pct,,126.0,gevuld,4,"Aanwezige dekkingsgraad (in %) 142,9 126,0"
81,Brocacef,2024,reele_dekkingsgraad_pct,,95.3,gevuld,60,"Reële dekkingsgraad 99,4 95,3"
81,Brocacef,2024,deelnemers_actief,,1082,gevuld,4,Actieve deelnemers 1.065 1.082
81,Brocacef,2024,deelnemers_slapers,,1846,gevuld,4,Premievrije rechten ('slapers') 1.915 1.846
81,Brocacef,2024,deelnemers_pensioengerechtigd,,1171,gevuld,4,Pensioentrekkenden 1.197 1.171
81,Brocacef,2024,deelnemers_totaal,,4135,gevuld,4,Totaal 4.215 4.135
82,Campina,2025,nominale_dekkingsgraad_pct,,139.8,gevuld,6,"Nominale dekkingsgraad 139,8 131,2 125,8"
82,Campina,2025,reele_dekkingsgraad_pct,,101.6,gevuld,37,"Eind 2025 bedraagt de reële dekkingsgraad 101,6% (2024: 102,0%)."
82,Campina,2025,deelnemers_actief,,40,gevuld,6,Deelnemers (arbeidsongeschikten) 40 46 55
82,Campina,2025,deelnemers_slapers,,2549,gevuld,6,Gewezen deelnemers ('slapers') 2.549 2.656 2.807
82,Campina,2025,deelnemers_pensioengerechtigd,,6371,gevuld,6,Pensioengerechtigden 6.371 6.665 6.745
82,Campina,2025,deelnemers_totaal,10020,9508,vervangen,6,(totaalregel) 9.508 10.020 10.344
82,Campina,2024,nominale_dekkingsgraad_pct,,131.2,gevuld,6,"Nominale dekkingsgraad 139,8 131,2 125,8"
82,Campina,2024,reele_dekkingsgraad_pct,,102.0,gevuld,37,"Eind 2025 bedraagt de reële dekkingsgraad 101,6% (2024: 102,0%)."
82,Campina,2024,deelnemers_actief,,46,gevuld,6,Deelnemers (arbeidsongeschikten) 40 46 55
82,Campina,2024,deelnemers_slapers,,2656,gevuld,6,Gewezen deelnemers ('slapers') 2.549 2.656 2.807
82,Campina,2024,deelnemers_pensioengerechtigd,,6665,gevuld,6,Pensioengerechtigden 6.371 6.665 6.745
82,Campina,2024,deelnemers_totaal,,10020,gevuld,6,(totaalregel) 9.508 10.020 10.344
83,Capgemini / Capgemini Nederland,2025,nominale_dekkingsgraad_pct,,118.1,gevuld,8,"Dekkingsgraad 118,1% 109,7%"
83,Capgemini / Capgemini Nederland,2025,deelnemers_actief,,5235,gevuld,7,Deelnemers 5.235 5.177
83,Capgemini / Capgemini Nederland,2025,deelnemers_slapers,,10852,gevuld,7,Gewezen deelnemers 10.852 10.359
83,Capgemini / Capgemini Nederland,2025,deelnemers_pensioengerechtigd,,1848,gevuld,7,Pensioengerechtigden 1.848 1.654
83,Capgemini / Capgemini Nederland,2025,deelnemers_totaal,,17935,gevuld,7,Totaal 17.935 17.190
83,Capgemini / Capgemini Nederland,2024,nominale_dekkingsgraad_pct,,109.7,gevuld,8,"Dekkingsgraad 118,1% 109,7%"
83,Capgemini / Capgemini Nederland,2024,deelnemers_actief,,5177,gevuld,7,Deelnemers 5.235 5.177
83,Capgemini / Capgemini Nederland,2024,deelnemers_slapers,,10359,gevuld,7,Gewezen deelnemers 10.852 10.359
83,Capgemini / Capgemini Nederland,2024,deelnemers_pensioengerechtigd,,1654,gevuld,7,Pensioengerechtigden 1.848 1.654
83,Capgemini / Capgemini Nederland,2024,deelnemers_totaal,,17190,gevuld,7,Totaal 17.935 17.190
84,Cargill,2025,nominale_dekkingsgraad_pct,,127.9,gevuld,5,"Dekkingsgraad 127,9% 117,4%"
84,Cargill,2025,reele_dekkingsgraad_pct,,89.8,gevuld,6,"Reële dekkingsgraad 89,8% 88,4%"
84,Cargill,2025,vereiste_dekkingsgraad_pct,111.1,110.4,vervangen,6,"Vereiste dekkingsgraad 110,4% 111,6%"
84,Cargill,2025,deelnemers_actief,22831,745,vervangen,5,Deelnemers 745 895
84,Cargill,2025,deelnemers_slapers,1701,1756,vervangen,5,Gewezen deelnemers 1.756 1.701
84,Cargill,2025,deelnemers_pensioengerechtigd,1383,1347,vervangen,5,Uitkeringsgerechtigden 1.347 1.276
84,Cargill,2025,deelnemers_totaal,,3848,gevuld,5,Totaal 3.848 3.872
84,Cargill,2024,nominale_dekkingsgraad_pct,,117.4,gevuld,5,"Dekkingsgraad 127,9% 117,4%"
84,Cargill,2024,reele_dekkingsgraad_pct,,88.4,gevuld,6,"Reële dekkingsgraad 89,8% 88,4%"
84,Cargill,2024,deelnemers_actief,,895,gevuld,5,Deelnemers 745 895
84,Cargill,2024,deelnemers_slapers,,1701,gevuld,5,Gewezen deelnemers 1.756 1.701
84,Cargill,2024,deelnemers_pensioengerechtigd,,1276,gevuld,5,Uitkeringsgerechtigden 1.347 1.276
84,Cargill,2024,deelnemers_totaal,,3872,gevuld,5,Totaal 3.848 3.872
85,Citigroup,2025,nominale_dekkingsgraad_pct,,138.1,gevuld,3,"Aanwezige dekkingsgraad 2025 138,1% | 2024 125,0%"
85,Citigroup,2025,reele_dekkingsgraad_pct,,96.0,gevuld,3,"Reële dekkingsgraad 2025 96,0% | 2024 94,1%"
85,Citigroup,2025,vereiste_dekkingsgraad_pct,114.9,115.1,vervangen,3,"Vereiste dekkingsgraad strategisch 2025 115,1% | 2024 114,8%"
85,Citigroup,2025,deelnemers_slapers,164,157,vervangen,3,Gewezen deelnemers 2025 157 | 2024 164
85,Citigroup,2025,deelnemers_totaal,489,318,vervangen,3,Totaal 2025 318 | 2024 325
85,Citigroup,2024,nominale_dekkingsgraad_pct,,125.0,gevuld,3,"Aanwezige dekkingsgraad 2025 138,1% | 2024 125,0%"
85,Citigroup,2024,deelnemers_actief,,0,gevuld,3,Actieve deelnemers 2025 0 | 2024 0
85,Citigroup,2024,deelnemers_slapers,,164,gevuld,3,Gewezen deelnemers 2025 157 | 2024 164
85,Citigroup,2024,deelnemers_totaal,,325,gevuld,3,Totaal 2025 318 | 2024 325
86,Cosun / Koninklijke Cosun,2025,beleggingsrendement_pct,-5.2,-5.6,vervangen,6,"Beleggingsperformance Totaal bruto -5,6% 7,7% 7,6% (kop 2025 2024 2023 2022 2021)"
86,Cosun / Koninklijke Cosun,2025,nominale_dekkingsgraad_pct,,129.7,gevuld,6,"Dekkingsgraad 129,7% 121,2% 121,2%"
86,Cosun / Koninklijke Cosun,2025,reele_dekkingsgraad_pct,,94.6,gevuld,6,"Reële dekkingsgraad 94,6% 94,6% 97,8%"
86,Cosun / Koninklijke Cosun,2025,deelnemers_actief,1205,1242,vervangen,6,Actieve deelnemers 1.242 1.205 1.137
86,Cosun / Koninklijke Cosun,2025,deelnemers_slapers,60,734,vervangen,6,Premievrije deelnemers 734 673 632
86,Cosun / Koninklijke Cosun,2025,deelnemers_totaal,2926,3639,vervangen,6,Totaal 3.639 3.539 3.422
86,Cosun / Koninklijke Cosun,2024,nominale_dekkingsgraad_pct,,121.2,gevuld,6,"Dekkingsgraad 129,7% 121,2% 121,2%"
86,Cosun / Koninklijke Cosun,2024,reele_dekkingsgraad_pct,,94.6,gevuld,6,"Reële dekkingsgraad 94,6% 94,6% 97,8%"
86,Cosun / Koninklijke Cosun,2024,deelnemers_actief,,1205,gevuld,6,Actieve deelnemers 1.242 1.205 1.137
86,Cosun / Koninklijke Cosun,2024,deelnemers_slapers,,673,gevuld,6,Premievrije deelnemers 734 673 632
86,Cosun / Koninklijke Cosun,2024,deelnemers_totaal,,3539,gevuld,6,Totaal 3.639 3.539 3.422
87,De Nederlandsche Bank,2025,beleggingsrendement_pct,-4.4,-4.57,vervangen,15,"Totaal rendement beleggingsportefeuille -4,57% 8,40%"
87,De Nederlandsche Bank,2025,nominale_dekkingsgraad_pct,,145.9,gevuld,15,"Dekkingsgraad 145,9% 136,3%"
87,De Nederlandsche Bank,2025,reele_dekkingsgraad_pct,,102.4,gevuld,15,"Reële dekkingsgraad 102,4% 102,5%"
87,De Nederlandsche Bank,2025,deelnemers_actief,454,2581,vervangen,15,Deelnemers 2.581 2.525
87,De Nederlandsche Bank,2025,deelnemers_slapers,2379,2448,vervangen,15,Gewezen deelnemers 2.448 2.379
87,De Nederlandsche Bank,2025,deelnemers_pensioengerechtigd,454,1705,vervangen,15,Uitkeringsgerechtigden 1.705 1.657
87,De Nederlandsche Bank,2025,deelnemers_totaal,3287,6734,vervangen,15,Totaal 6.734 6.561
87,De Nederlandsche Bank,2024,nominale_dekkingsgraad_pct,,136.3,gevuld,15,"Dekkingsgraad 145,9% 136,3%"
87,De Nederlandsche Bank,2024,reele_dekkingsgraad_pct,,102.5,gevuld,15,"Reële dekkingsgraad 102,4% 102,5%"
87,De Nederlandsche Bank,2024,deelnemers_actief,,2525,gevuld,15,Deelnemers 2.581 2.525
87,De Nederlandsche Bank,2024,deelnemers_slapers,,2379,gevuld,15,Gewezen deelnemers 2.448 2.379
87,De Nederlandsche Bank,2024,deelnemers_pensioengerechtigd,,1657,gevuld,15,Uitkeringsgerechtigden 1.705 1.657
87,De Nederlandsche Bank,2024,deelnemers_totaal,,6561,gevuld,15,Totaal 6.734 6.561
88,Delta Lloyd,2025,nominale_dekkingsgraad_pct,,139.2,gevuld,10,"Actuele DNB-dekkingsgraad 139,2% 130,9% 127,4%"
88,Delta Lloyd,2025,reele_dekkingsgraad_pct,,102.2,gevuld,45,"Reële dekkingsgraad volgens richtlijnen FTK 102,2% 99,5% (31 december 2025 / 31 december 2024)"
88,Delta Lloyd,2025,vereiste_dekkingsgraad_pct,111.0,110.4,vervangen,45,"Dekkingsgraad op basis van het vereist eigen vermogen 110,4% 112,5%"
88,Delta Lloyd,2025,deelnemers_actief,,1270,gevuld,9,Actieve deelnemers 1) 1.270 1.378 1.543
88,Delta Lloyd,2025,deelnemers_slapers,,6040,gevuld,9,Gewezen deelnemers ('slapers') 6.040 6.179 6.339
88,Delta Lloyd,2025,deelnemers_pensioengerechtigd,,4589,gevuld,9,Pensioengerechtigden 4.589 4.482 4.326
88,Delta Lloyd,2025,deelnemers_totaal,,11899,gevuld,9,Totaal 11.899 12.039 12.208
88,Delta Lloyd,2024,nominale_dekkingsgraad_pct,,130.9,gevuld,10,"Actuele DNB-dekkingsgraad 139,2% 130,9% 127,4%"
88,Delta Lloyd,2024,reele_dekkingsgraad_pct,,99.5,gevuld,45,"Reële dekkingsgraad volgens richtlijnen FTK 102,2% 99,5% (31 december 2025 / 31 december 2024)"
89,DHL Nederland,2025,beleggingsrendement_pct,-5.0,-5.2,vervangen,9,"Rendement op basis van total return -5,20% 12,80% 4,96% (kop 2025 2024 2023 2022 2021)"
89,DHL Nederland,2025,nominale_dekkingsgraad_pct,,145.2,gevuld,9,"Dekkingsgraad FTK 145,2% 137,8% 131,8%"
89,DHL Nederland,2025,reele_dekkingsgraad_pct,,105.2,gevuld,27,"Ultimo 2025 bedroeg de reële dekkingsgraad 105,2% (ultimo 2024 was dit 104,1%)."
89,DHL Nederland,2025,deelnemers_actief,2989,3031,vervangen,9,Actieve deelnemers 1) 3.031 2.989 2.958
89,DHL Nederland,2025,deelnemers_slapers,8147,7982,vervangen,9,Gewezen deelnemers 7.982 8.147 8.232
89,DHL Nederland,2025,deelnemers_pensioengerechtigd,4958,5081,vervangen,9,Pensioengerechtigden 5.081 4.958 4.898
89,DHL Nederland,2024,nominale_dekkingsgraad_pct,,137.8,gevuld,9,"Dekkingsgraad FTK 145,2% 137,8% 131,8%"
89,DHL Nederland,2024,reele_dekkingsgraad_pct,,104.1,gevuld,27,"Ultimo 2025 bedroeg de reële dekkingsgraad 105,2% (ultimo 2024 was dit 104,1%)."
89,DHL Nederland,2024,deelnemers_actief,,2989,gevuld,9,Actieve deelnemers 1) 3.031 2.989 2.958
89,DHL Nederland,2024,deelnemers_slapers,,8147,gevuld,9,Gewezen deelnemers 7.982 8.147 8.232
89,DHL Nederland,2024,deelnemers_pensioengerechtigd,,4958,gevuld,9,Pensioengerechtigden 5.081 4.958 4.898
90,DOW,2025,nominale_dekkingsgraad_pct,,121.3,gevuld,7,"Actuele dekkingsgraad 5) 121,3% 113,1%"
90,DOW,2025,reele_dekkingsgraad_pct,,88.4,gevuld,22,"Reële dekkingsgraad 1) 88,4% 88,1%"
90,DOW,2024,nominale_dekkingsgraad_pct,,113.1,gevuld,7,"Actuele dekkingsgraad 5) 121,3% 113,1%"
90,DOW,2024,reele_dekkingsgraad_pct,,88.1,gevuld,22,"Reële dekkingsgraad 1) 88,4% 88,1%"
91,DSM Nederland,2025,nominale_dekkingsgraad_pct,,135.9,gevuld,10,"Dekkingsgraad PDN 135,9% 122,3%"
91,DSM Nederland,2025,reele_dekkingsgraad_pct,,98.6,gevuld,50,"De reële dekkingsgraad is volgens artikel 133b van de Pensioenwet berekend op 98,6%. ... Vorig jaar was de reële dekkingsgraad 95,3%."
91,DSM Nederland,2025,deelnemers_actief,5629,5563,vervangen,10,Actieven (incl. postactieven en arbeidsongeschikten) 5.563 5.629
91,DSM Nederland,2025,deelnemers_slapers,8382,8147,vervangen,10,Gewezen deelnemers 8.147 8.382
91,DSM Nederland,2025,deelnemers_totaal,26646,26345,vervangen,10,Totaal aantal deelnemers (in personen) 26.345 26.646
91,DSM Nederland,2024,reele_dekkingsgraad_pct,,95.3,gevuld,50,"De reële dekkingsgraad is volgens artikel 133b van de Pensioenwet berekend op 98,6%. ... Vorig jaar was de reële dekkingsgraad 95,3%."
92,Ecolab,2025,beleggingsrendement_pct,1.4,-2.0,vervangen,11,"Beleggingsrendement in % -2,0% 13,2% 11,0% (kop Boekjaar 2025 2024 2023)"
92,Ecolab,2025,nominale_dekkingsgraad_pct,,148.3,gevuld,11,"Aanwezige dekkingsgraad (in %) 148,3% 135,4% 134,0%"
92,Ecolab,2025,reele_dekkingsgraad_pct,,108.1,gevuld,11,"Reële dekkingsgraad (in %) 108,1% 105,9% 102,0%"
92,Ecolab,2025,deelnemers_actief,,101,gevuld,11,Actieve deelnemers 101 110 127
92,Ecolab,2025,deelnemers_slapers,299,294,vervangen,11,"Premievrije rechten (""slapers"") 294 299 297"
92,Ecolab,2025,deelnemers_pensioengerechtigd,324,220,vervangen,11,Pensioentrekkenden 220 214 205
92,Ecolab,2024,nominale_dekkingsgraad_pct,,135.4,gevuld,11,"Aanwezige dekkingsgraad (in %) 148,3% 135,4% 134,0%"
92,Ecolab,2024,reele_dekkingsgraad_pct,,105.9,gevuld,11,"Reële dekkingsgraad (in %) 108,1% 105,9% 102,0%"
92,Ecolab,2024,deelnemers_actief,,110,gevuld,11,Actieve deelnemers 101 110 127
92,Ecolab,2024,deelnemers_slapers,,299,gevuld,11,"Premievrije rechten (""slapers"") 294 299 297"
92,Ecolab,2024,deelnemers_pensioengerechtigd,,214,gevuld,11,Pensioentrekkenden 220 214 205
93,Essity,2025,beleggingsrendement_pct,-0.6,-0.8,vervangen,8,"Totaal beleggingsportefeuille risico fonds -0,8% 9,8%"
93,Essity,2025,nominale_dekkingsgraad_pct,,131.3,gevuld,7,"Actuele dekkingsgraad 131,3% 117,1%"
93,Essity,2025,reele_dekkingsgraad_pct,,93.1,gevuld,7,"Reële dekkingsgraad 93,1% 88,7%"
93,Essity,2025,deelnemers_actief,1481,1539,vervangen,7,actieve deelnemers 1.539 1.481
93,Essity,2025,deelnemers_pensioengerechtigd,946,1021,vervangen,7,pensioengerechtigden 1.021 946
93,Essity,2025,deelnemers_totaal,3927,4052,vervangen,7,Totaal deelnemers 4.052 3.927
93,Essity,2024,nominale_dekkingsgraad_pct,,117.1,gevuld,7,"Actuele dekkingsgraad 131,3% 117,1%"
93,Essity,2024,deelnemers_actief,,1481,gevuld,7,actieve deelnemers 1.539 1.481
93,Essity,2024,deelnemers_pensioengerechtigd,,946,gevuld,7,pensioengerechtigden 1.021 946
93,Essity,2024,deelnemers_totaal,,3927,gevuld,7,Totaal deelnemers 4.052 3.927
95,Flexsecurity (Randstad),2025,beleggingsrendement_pct,,4.3,gevuld,6,"Performance beleggingsportefeuilles Totale portefeuille 4,3% 12,1% 9,3% (kop 2025 2024 2023 2022 2021)"
95,Flexsecurity (Randstad),2025,beleidsdekkingsgraad_pct,,106.5,gevuld,6,"Beleidsdekkingsgraad 106,5% 106,5% 105,7%"
95,Flexsecurity (Randstad),2025,nominale_dekkingsgraad_pct,,103.5,gevuld,6,"Dekkingsgraad 103,5% 106,8% 106,2%"
95,Flexsecurity (Randstad),2025,reele_dekkingsgraad_pct,,103.7,gevuld,6,"Reële dekkingsgraad 103,7% 104,7% 103,7%"
95,Flexsecurity (Randstad),2025,vereiste_dekkingsgraad_pct,,100.9,gevuld,6,"Vereiste dekkingsgraad 100,9% 101,1% 101,1%"
95,Flexsecurity (Randstad),2025,aum_euro_bn,,0.697763,gevuld,6,Financiële gegevens (in duizenden euro) Totaal belegd vermogen 697.763 673.310
95,Flexsecurity (Randstad),2025,deelnemers_actief,,58195,gevuld,5,Actieve deelnemers 58.195 59.153 60.631
95,Flexsecurity (Randstad),2025,deelnemers_slapers,,175730,gevuld,5,Gewezen deelnemers 175.730 174.929 157.499
95,Flexsecurity (Randstad),2025,deelnemers_totaal,,233925,gevuld,5,Totaal 233.925 234.082 218.130
95,Flexsecurity (Randstad),2024,nominale_dekkingsgraad_pct,,106.8,gevuld,6,"Dekkingsgraad 103,5% 106,8% 106,2%"
95,Flexsecurity (Randstad),2024,reele_dekkingsgraad_pct,,104.7,gevuld,6,"Reële dekkingsgraad 103,7% 104,7% 103,7%"
95,Flexsecurity (Randstad),2024,vereiste_dekkingsgraad_pct,,101.1,gevuld,6,"Vereiste dekkingsgraad 100,9% 101,1% 101,1%"
95,Flexsecurity (Randstad),2024,aum_euro_bn,,0.67331,gevuld,6,Financiële gegevens (in duizenden euro) Totaal belegd vermogen 697.763 673.310
95,Flexsecurity (Randstad),2024,deelnemers_actief,,59153,gevuld,5,Actieve deelnemers 58.195 59.153 60.631
95,Flexsecurity (Randstad),2024,deelnemers_slapers,,174929,gevuld,5,Gewezen deelnemers 175.730 174.929 157.499
95,Flexsecurity (Randstad),2024,deelnemers_totaal,,234082,gevuld,5,Totaal 233.925 234.082 218.130
96,Forbo,2025,beleggingsrendement_pct,-3.1,-3.3,vervangen,9,"Rendement op basis van total return -3,3% 8,4%"
96,Forbo,2025,nominale_dekkingsgraad_pct,,124.9,gevuld,10,"Aanwezige dekkingsgraad 124,9% 114,4%"
96,Forbo,2025,reele_dekkingsgraad_pct,,88.2,gevuld,19,"Ultimo 2025 bedroeg de reële dekkingsgraad 88,2% (ultimo 2024 was dit 85,4%)"
96,Forbo,2024,nominale_dekkingsgraad_pct,,114.4,gevuld,10,"Aanwezige dekkingsgraad 124,9% 114,4%"
96,Forbo,2024,reele_dekkingsgraad_pct,,85.4,gevuld,19,"Ultimo 2025 bedroeg de reële dekkingsgraad 88,2% (ultimo 2024 was dit 85,4%)"
97,Gasunie,2025,beleggingsrendement_pct,0.9,0.6,vervangen,6,"Rendement op basis van total return 0,6% 11,7%"
97,Gasunie,2025,nominale_dekkingsgraad_pct,,152.5,gevuld,6,"Actuele dekkingsgraad 152,5% 137,4%"
97,Gasunie,2025,reele_dekkingsgraad_pct,,108.1,gevuld,6,"Reële dekkingsgraad 108,1% 104,6%"
97,Gasunie,2025,deelnemers_actief,2273,2424,vervangen,6,Actieve deelnemers 2.424 2.273
97,Gasunie,2025,deelnemers_slapers,746,759,vervangen,6,Gewezen deelnemers 759 746
97,Gasunie,2025,deelnemers_totaal,4757,4936,vervangen,6,Totaal 4.936 4.757
97,Gasunie,2024,deelnemers_actief,,2273,gevuld,6,Actieve deelnemers 2.424 2.273
97,Gasunie,2024,deelnemers_slapers,,746,gevuld,6,Gewezen deelnemers 759 746
97,Gasunie,2024,deelnemers_totaal,,4757,gevuld,6,Totaal 4.936 4.757
98,Gazelle,2025,nominale_dekkingsgraad_pct,,146.2,gevuld,5,"Aanwezige dekkingsgraad (in %) 146,2 126,9"
98,Gazelle,2025,reele_dekkingsgraad_pct,,99.0,gevuld,5,"Reële dekkingsgraad (in %) 99,0 95,1"
98,Gazelle,2025,vereiste_dekkingsgraad_pct,121.8,121.2,vervangen,5,"Vereiste dekkingsgraad (in %) 121,2 120,0"
98,Gazelle,2025,deelnemers_actief,,513,gevuld,5,Deelnemers 513 503
98,Gazelle,2025,deelnemers_slapers,794,830,vervangen,5,Gewezen deelnemers 830 676
98,Gazelle,2025,deelnemers_pensioengerechtigd,504,377,vervangen,5,Pensioengerechtigden 377 498
98,Gazelle,2025,deelnemers_totaal,1740,1720,vervangen,5,Totaal deelnemers 1.720 1.677
98,Gazelle,2024,nominale_dekkingsgraad_pct,,126.9,gevuld,5,"Aanwezige dekkingsgraad (in %) 146,2 126,9"
98,Gazelle,2024,reele_dekkingsgraad_pct,,95.1,gevuld,5,"Reële dekkingsgraad (in %) 99,0 95,1"
98,Gazelle,2024,deelnemers_actief,,503,gevuld,5,Deelnemers 513 503
98,Gazelle,2024,deelnemers_slapers,,676,gevuld,5,Gewezen deelnemers 830 676
98,Gazelle,2024,deelnemers_pensioengerechtigd,,498,gevuld,5,Pensioengerechtigden 377 498
98,Gazelle,2024,deelnemers_totaal,,1677,gevuld,5,Totaal deelnemers 1.720 1.677
100,Geveke,2025,nominale_dekkingsgraad_pct,,110.0,gevuld,6,"Aanwezige dekkingsgraad (in %) 110,0 107,4 110,3"
100,Geveke,2025,reele_dekkingsgraad_pct,,91.3,gevuld,6,"Reële dekkingsgraad (in %) 91,3 89,2 91,5"
100,Geveke,2025,vereiste_dekkingsgraad_pct,102.1,103.0,vervangen,6,"Vereiste dekkingsgraad (in %) 103,0 103,0 103,0"
100,Geveke,2025,deelnemers_slapers,109,689,vervangen,6,Gewezen deelnemers 689 702 745
100,Geveke,2025,deelnemers_pensioengerechtigd,970,883,vervangen,6,Pensioengerechtigden 883 928 914
100,Geveke,2025,deelnemers_totaal,,1572,gevuld,6,Totaal deelnemers 1.572 1.630 1.659
100,Geveke,2024,nominale_dekkingsgraad_pct,,107.4,gevuld,6,"Aanwezige dekkingsgraad (in %) 110,0 107,4 110,3"
100,Geveke,2024,reele_dekkingsgraad_pct,,89.2,gevuld,6,"Reële dekkingsgraad (in %) 91,3 89,2 91,5"
100,Geveke,2024,deelnemers_slapers,,702,gevuld,6,Gewezen deelnemers 689 702 745
100,Geveke,2024,deelnemers_pensioengerechtigd,,928,gevuld,6,Pensioengerechtigden 883 928 914
100,Geveke,2024,deelnemers_totaal,,1630,gevuld,6,Totaal deelnemers 1.572 1.630 1.659
103,HAL,2025,beleggingsrendement_pct,13.5,13.96,vervangen,6,"Totaal rendement 13,96% 10,50%"
103,HAL,2025,nominale_dekkingsgraad_pct,,275.0,gevuld,6,"Nominale dekkingsgraad 275% 210% (kerncijfers, afgerond)"
103,HAL,2025,reele_dekkingsgraad_pct,,179.1,gevuld,52,"Reële beleidsdekkingsgraad 179,1% 162,7%"
103,HAL,2025,deelnemers_actief,,56,gevuld,5,Deelnemers (actieve) 56 56
103,HAL,2025,deelnemers_slapers,,114,gevuld,5,Gewezen deelnemers 114 115
103,HAL,2025,deelnemers_totaal,,1223,gevuld,5,Totaal deelnemers 1.223 1.280
103,HAL,2024,nominale_dekkingsgraad_pct,,210.2,gevuld,6,"Nominale dekkingsgraad 275% 210% (kerncijfers, afgerond)"
103,HAL,2024,reele_dekkingsgraad_pct,,162.7,gevuld,52,"Reële beleidsdekkingsgraad 179,1% 162,7%"
103,HAL,2024,deelnemers_actief,,56,gevuld,5,Deelnemers (actieve) 56 56
103,HAL,2024,deelnemers_slapers,,115,gevuld,5,Gewezen deelnemers 114 115
103,HAL,2024,deelnemers_totaal,,1280,gevuld,5,Totaal deelnemers 1.223 1.280
104,Haskoning DHV,2025,beleggingsrendement_pct,-5.0,-3.7,vervangen,6,"Beleggingsrendement -3,7% 7,8% 9,2% -19,5% (kolommen 2025 2024 2023 2022)"
104,Haskoning DHV,2025,beleidsdekkingsgraad_pct,127.9,128.1,vervangen,6,"Beleidsdekkingsgraad 128,1% 124,6% 123,8% 123,7%"
104,Haskoning DHV,2025,nominale_dekkingsgraad_pct,,137.7,gevuld,6,"Actuele dekkingsgraad 137,7% 122,4% 120,7% 126,2%"
104,Haskoning DHV,2025,deelnemers_actief,9758,3895,vervangen,6,Deelnemers 3.895 3.718 3.568 3.398
104,Haskoning DHV,2025,deelnemers_slapers,5111,5257,vervangen,6,Gewezen deelnemers 5.257 5.111
104,Haskoning DHV,2025,deelnemers_pensioengerechtigd,2062,2140,vervangen,6,Pensioengerechtigden 2.140 2.062
104,Haskoning DHV,2025,deelnemers_totaal,16931,11292,vervangen,6,Aantal verzekerden totaal 11.292 10.891
104,Haskoning DHV,2024,nominale_dekkingsgraad_pct,,122.4,gevuld,6,"Actuele dekkingsgraad 137,7% 122,4% 120,7% 126,2%"
104,Haskoning DHV,2024,deelnemers_actief,,3718,gevuld,6,Deelnemers 3.895 3.718 3.568 3.398
104,Haskoning DHV,2024,deelnemers_slapers,,5111,gevuld,6,Gewezen deelnemers 5.257 5.111
104,Haskoning DHV,2024,deelnemers_pensioengerechtigd,,2062,gevuld,6,Pensioengerechtigden 2.140 2.062
104,Haskoning DHV,2024,deelnemers_totaal,,10891,gevuld,6,Aantal verzekerden totaal 11.292 10.891
105,Heineken,2025,nominale_dekkingsgraad_pct,,158.9,gevuld,5,"Actuele dekkingsgraad 158,9% 138,1%"
105,Heineken,2025,reele_dekkingsgraad_pct,,111.5,gevuld,5,"Reële dekkingsgraad 111,5% 105,0%"
105,Heineken,2025,deelnemers_actief,3085,2971,vervangen,5,Actieve deelnemers 2.971 3.085
105,Heineken,2024,reele_dekkingsgraad_pct,,105.0,gevuld,5,"Reële dekkingsgraad 111,5% 105,0%"
106,Hoogovens,2025,nominale_dekkingsgraad_pct,,137.1,gevuld,9,"Actuele dekkingsgraad (in %) 137,1 | 122,2"
106,Hoogovens,2025,reele_dekkingsgraad_pct,,96.9,gevuld,9,"Reële dekkingsgraad (in %) 96,9 | 93,9"
106,Hoogovens,2025,deelnemers_actief,10301,9873,vervangen,9,Actieve deelnemers 9.873 | 10.301
106,Hoogovens,2025,deelnemers_slapers,4199,4469,vervangen,9,Gewezen deelnemers 4.469 | 4.199
106,Hoogovens,2024,nominale_dekkingsgraad_pct,,122.2,gevuld,9,"Actuele dekkingsgraad (in %) 137,1 | 122,2"
106,Hoogovens,2024,deelnemers_actief,,10301,gevuld,9,Actieve deelnemers 9.873 | 10.301
106,Hoogovens,2024,deelnemers_slapers,,4199,gevuld,9,Gewezen deelnemers 4.469 | 4.199
107,Huntsman Rozenburg,2025,nominale_dekkingsgraad_pct,,153.6,gevuld,5,"Aanwezige dekkingsgraad 153,6% 139,4%"
107,Huntsman Rozenburg,2025,vereiste_dekkingsgraad_pct,113.1,114.0,vervangen,5,"Vereiste dekkingsgraad 114,0% 113,1%"
107,Huntsman Rozenburg,2025,deelnemers_actief,,184,gevuld,5,Deelnemers 184 194
107,Huntsman Rozenburg,2025,deelnemers_slapers,349,331,vervangen,5,Gewezen deelnemers 331 349
107,Huntsman Rozenburg,2025,deelnemers_pensioengerechtigd,1287,1256,vervangen,5,Pensioengerechtigden 1.256 1.287
107,Huntsman Rozenburg,2025,deelnemers_totaal,1654,1771,vervangen,5,(totaalregel zonder label) 1.771 1.830
107,Huntsman Rozenburg,2024,nominale_dekkingsgraad_pct,,139.4,gevuld,5,"Aanwezige dekkingsgraad 153,6% 139,4%"
107,Huntsman Rozenburg,2024,deelnemers_actief,,194,gevuld,5,Deelnemers 184 194
107,Huntsman Rozenburg,2024,deelnemers_slapers,,349,gevuld,5,Gewezen deelnemers 331 349
107,Huntsman Rozenburg,2024,deelnemers_pensioengerechtigd,,1287,gevuld,5,Pensioengerechtigden 1.256 1.287
107,Huntsman Rozenburg,2024,deelnemers_totaal,,1830,gevuld,5,(totaalregel zonder label) 1.771 1.830
108,ING (Stichting Pensioenfonds ING),2025,nominale_dekkingsgraad_pct,,140.5,gevuld,23,"De nominale DNB-dekkingsgraad nam toe van 136,6% ultimo 2024 naar 140,5% ultimo 2025."
108,ING (Stichting Pensioenfonds ING),2025,reele_dekkingsgraad_pct,101.3,104.6,vervangen,4,"Figuur 1 Kerncijfers, Reële dekkingsgraad 2025 104,6% | 2024 96,5%"
108,ING (Stichting Pensioenfonds ING),2025,deelnemers_actief,,364,gevuld,4,Aantal deelnemers einde boekjaar: Deelnemers 364 (2025) | 405 (2024)
108,ING (Stichting Pensioenfonds ING),2025,deelnemers_slapers,10851,36649,vervangen,4,Gewezen deelnemers 36.649 (2025) | 38.146 (2024)
108,ING (Stichting Pensioenfonds ING),2025,deelnemers_pensioengerechtigd,1681,26728,vervangen,4,Totaal pensioengerechtigden 26.728 (2025) | 25.995 (2024)
108,ING (Stichting Pensioenfonds ING),2025,deelnemers_totaal,17357,63741,vervangen,4,Totaal aantal deelnemers 63.741 (2025) | 64.546 (2024)
108,ING (Stichting Pensioenfonds ING),2024,nominale_dekkingsgraad_pct,,136.6,gevuld,23,"De nominale DNB-dekkingsgraad nam toe van 136,6% ultimo 2024 naar 140,5% ultimo 2025."
108,ING (Stichting Pensioenfonds ING),2024,deelnemers_actief,,405,gevuld,4,Aantal deelnemers einde boekjaar: Deelnemers 364 (2025) | 405 (2024)
108,ING (Stichting Pensioenfonds ING),2024,deelnemers_slapers,,38146,gevuld,4,Gewezen deelnemers 36.649 (2025) | 38.146 (2024)
108,ING (Stichting Pensioenfonds ING),2024,deelnemers_pensioengerechtigd,,25995,gevuld,4,Totaal pensioengerechtigden 26.728 (2025) | 25.995 (2024)
108,ING (Stichting Pensioenfonds ING),2024,deelnemers_totaal,,64546,gevuld,4,Totaal aantal deelnemers 63.741 (2025) | 64.546 (2024)
110,KAS BANK,2025,nominale_dekkingsgraad_pct,,134.7,gevuld,8,"Aanwezige dekkingsgraad 2) 134,7% 124,1%"
110,KAS BANK,2025,reele_dekkingsgraad_pct,,93.4,gevuld,8,"Reële dekkingsgraad 4) 93,4% 94,2%"
110,KAS BANK,2025,deelnemers_actief,,26,gevuld,7,Actieve deelnemers 26 1) 25 1)
110,KAS BANK,2025,deelnemers_slapers,1427,1383,vervangen,7,Gewezen deelnemers 1.383 1.427
110,KAS BANK,2025,deelnemers_totaal,1864,1823,vervangen,7,Totaal 1.823 1.864
110,KAS BANK,2024,nominale_dekkingsgraad_pct,,124.1,gevuld,8,"Aanwezige dekkingsgraad 2) 134,7% 124,1%"
110,KAS BANK,2024,reele_dekkingsgraad_pct,,94.2,gevuld,8,"Reële dekkingsgraad 4) 93,4% 94,2%"
110,KAS BANK,2024,deelnemers_actief,,25,gevuld,7,Actieve deelnemers 26 1) 25 1)
110,KAS BANK,2024,deelnemers_slapers,,1427,gevuld,7,Gewezen deelnemers 1.383 1.427
110,KAS BANK,2024,deelnemers_totaal,,1864,gevuld,7,Totaal 1.823 1.864
111,KPN,2025,beleggingsrendement_pct,-3.0,-3.2,vervangen,7,"Jaarrendement portefeuille -3,2% 9,7% 7,5% (kop 2025 2024 2023)"
111,KPN,2025,nominale_dekkingsgraad_pct,,131.9,gevuld,6,"Actuele dekkingsgraad 131,9% 126,1% 122,8%"
111,KPN,2025,reele_dekkingsgraad_pct,,101.6,gevuld,129,"Reële dekkingsgraad 101,6% 99,6% (31-12-2025 31-12-2024)"
111,KPN,2025,deelnemers_actief,10952,10573,vervangen,6,"Deelnemers, actief en voortgezet 10.573 10.952 11.055"
111,KPN,2025,deelnemers_slapers,36155,35265,vervangen,6,Gewezen deelnemers 35.265 36.155 36.511
111,KPN,2025,deelnemers_pensioengerechtigd,24720,25498,vervangen,6,Pensioengerechtigden 25.498 24.720 23.926
111,KPN,2024,nominale_dekkingsgraad_pct,,126.1,gevuld,6,"Actuele dekkingsgraad 131,9% 126,1% 122,8%"
111,KPN,2024,reele_dekkingsgraad_pct,,99.6,gevuld,129,"Reële dekkingsgraad 101,6% 99,6% (31-12-2025 31-12-2024)"
112,Lloyd's Register Nederland,2025,beleggingsrendement_pct,-1.3,-1.5,vervangen,4,"Beleggingsrendement -/- 1,5% 8,7% 14,6% (kop 2025 2024 2023)"
112,Lloyd's Register Nederland,2025,nominale_dekkingsgraad_pct,,133.0,gevuld,4,"Aanwezige dekkingsgraad 133,0% 118,7% 116,7%"
112,Lloyd's Register Nederland,2025,reele_dekkingsgraad_pct,,93.0,gevuld,48,"Reële dekkingsgraad 93,0% 91,3% (31-12-2025 31-12-2024)"
112,Lloyd's Register Nederland,2025,vereiste_dekkingsgraad_pct,106.3,109.5,vervangen,4,"Vereiste dekkingsgraad 109,5% 120,0% 121,8%"
112,Lloyd's Register Nederland,2025,deelnemers_actief,351,346,vervangen,4,Actieve deelnemers 346 351 386
112,Lloyd's Register Nederland,2025,deelnemers_pensioengerechtigd,279,288,vervangen,4,Pensioengerechtigden 288 279 270
112,Lloyd's Register Nederland,2024,nominale_dekkingsgraad_pct,,118.7,gevuld,4,"Aanwezige dekkingsgraad 133,0% 118,7% 116,7%"
112,Lloyd's Register Nederland,2024,reele_dekkingsgraad_pct,,91.3,gevuld,48,"Reële dekkingsgraad 93,0% 91,3% (31-12-2025 31-12-2024)"
113,Mars,2025,nominale_dekkingsgraad_pct,,136.5,gevuld,8,Funding ratio 136.5% 138.9%
113,Mars,2025,vereiste_dekkingsgraad_pct,118.6,119.3,vervangen,17,31-Dec-2025 136.5% 136.5% 119.3% (Ongoing Solvency Margin Ratio)
113,Mars,2025,deelnemers_actief,1531,1557,vervangen,8,"Active members 1,557 1,531"
113,Mars,2025,deelnemers_slapers,1468,1517,vervangen,8,"Deferred members 1,517 1,468"
113,Mars,2025,deelnemers_pensioengerechtigd,1389,1431,vervangen,8,"Retirees 1,431 1,389"
113,Mars,2024,nominale_dekkingsgraad_pct,,138.9,gevuld,8,Funding ratio 136.5% 138.9%
113,Mars,2024,deelnemers_actief,,1531,gevuld,8,"Active members 1,557 1,531"
113,Mars,2024,deelnemers_slapers,,1468,gevuld,8,"Deferred members 1,517 1,468"
113,Mars,2024,deelnemers_pensioengerechtigd,,1389,gevuld,8,"Retirees 1,431 1,389"
115,Metro,2025,beleidsdekkingsgraad_pct,,101.0,gevuld,34,"Beleidsdekkingsgraad 101,0% 107,6%"
115,Metro,2025,nominale_dekkingsgraad_pct,,101.0,gevuld,34,"Actuele dekkingsgraad UFR 101,0% 100,9%"
115,Metro,2025,reele_dekkingsgraad_pct,,98.8,gevuld,34,"Reële dekkingsgraad 98,8% 107,5%"
115,Metro,2025,deelnemers_actief,,142,gevuld,34,Actieve deelnemers 142 (2024: 165)
115,Metro,2025,deelnemers_slapers,,5827,gevuld,34,Gewezen deelnemers 5.827 (2024: 6.074)
115,Metro,2025,deelnemers_pensioengerechtigd,,2314,gevuld,34,Pensioengerechtigden 2.314 (2024: 2.241)
115,Metro,2025,deelnemers_totaal,,8283,gevuld,34,Subtotaal 8.283 (2024: 8.480)
115,Metro,2024,nominale_dekkingsgraad_pct,,100.9,gevuld,34,"Actuele dekkingsgraad UFR 101,0% 100,9%"
116,MSD,2025,beleggingsrendement_pct,-0.5,-0.8,vervangen,10,"Beleggingsrendement -0,8% 10,4%"
116,MSD,2025,nominale_dekkingsgraad_pct,,161.0,gevuld,9,"DNB Dekkingsgraad 2) 161,0% 145,0%"
116,MSD,2025,reele_dekkingsgraad_pct,,109.4,gevuld,34,"reële FTK dekkingsgraad ultimo 2025: 109,4% (ultimo 2024: 108,2%)"
116,MSD,2025,deelnemers_actief,4027,3631,vervangen,9,Actieve deelnemers 3.631 4.027
116,MSD,2025,deelnemers_slapers,5788,6216,vervangen,9,Gewezen deelnemers 6.216 5.788
116,MSD,2025,deelnemers_pensioengerechtigd,31,2387,vervangen,9,Pensioengerechtigden 2.387 2.227
116,MSD,2025,deelnemers_totaal,9846,12234,vervangen,9,(totaalregel zonder label) 12.234 12.042; p28: 'álle 12.234 deelnemers'
116,MSD,2024,nominale_dekkingsgraad_pct,,145.0,gevuld,9,"DNB Dekkingsgraad 2) 161,0% 145,0%"
116,MSD,2024,reele_dekkingsgraad_pct,,108.2,gevuld,34,"reële FTK dekkingsgraad ultimo 2025: 109,4% (ultimo 2024: 108,2%)"
116,MSD,2024,deelnemers_actief,,4027,gevuld,9,Actieve deelnemers 3.631 4.027
116,MSD,2024,deelnemers_slapers,,5788,gevuld,9,Gewezen deelnemers 6.216 5.788
116,MSD,2024,deelnemers_pensioengerechtigd,,2227,gevuld,9,Pensioengerechtigden 2.387 2.227
116,MSD,2024,deelnemers_totaal,,12042,gevuld,9,(totaalregel zonder label) 12.234 12.042; p28: 'álle 12.234 deelnemers'
117,Nederlandse Bisdommen,2025,nominale_dekkingsgraad_pct,,160.0,gevuld,6,"Dekkingsgraad (ultimo jaar) Op basis van RTS 160,0% 150,6%"
117,Nederlandse Bisdommen,2025,reele_dekkingsgraad_pct,,120.9,gevuld,49,"Ultimo 2025 bedroeg de reële dekkingsgraad 120,9% (ultimo 2024 was dit 120,5%)"
117,Nederlandse Bisdommen,2025,deelnemers_actief,589,544,vervangen,5,Actieve deelnemers 544 589
117,Nederlandse Bisdommen,2025,deelnemers_slapers,488,457,vervangen,5,Slapers 457 488
117,Nederlandse Bisdommen,2025,deelnemers_totaal,2632,2559,vervangen,5,Totaal 2.559 2.632
117,Nederlandse Bisdommen,2024,nominale_dekkingsgraad_pct,,150.6,gevuld,6,"Dekkingsgraad (ultimo jaar) Op basis van RTS 160,0% 150,6%"
117,Nederlandse Bisdommen,2024,reele_dekkingsgraad_pct,,120.5,gevuld,49,"Ultimo 2025 bedroeg de reële dekkingsgraad 120,9% (ultimo 2024 was dit 120,5%)"
117,Nederlandse Bisdommen,2024,deelnemers_actief,,589,gevuld,5,Actieve deelnemers 544 589
117,Nederlandse Bisdommen,2024,deelnemers_slapers,,488,gevuld,5,Slapers 457 488
117,Nederlandse Bisdommen,2024,deelnemers_totaal,,2632,gevuld,5,Totaal 2.559 2.632
118,NN CDC,2025,nominale_dekkingsgraad_pct,,147.7,gevuld,7,"Aanwezige dekkingsgraad 147,7% | 123,2%"
118,NN CDC,2025,reele_dekkingsgraad_pct,,92.3,gevuld,7,"Reële dekkingsgraad 92,3% | 91,4%"
118,NN CDC,2025,deelnemers_actief,,151,gevuld,7,Actieve deelnemers 151 | 155
118,NN CDC,2025,deelnemers_slapers,11814,11521,vervangen,7,Gewezen deelnemers 11.521 | 11.814
118,NN CDC,2025,deelnemers_pensioengerechtigd,866,1028,vervangen,7,Pensioengerechtigden 1.028 | 866
118,NN CDC,2025,deelnemers_totaal,7727,12700,vervangen,7,Totaal 12.700 | 12.835
118,NN CDC,2024,nominale_dekkingsgraad_pct,,123.2,gevuld,7,"Aanwezige dekkingsgraad 147,7% | 123,2%"
118,NN CDC,2024,reele_dekkingsgraad_pct,,91.4,gevuld,7,"Reële dekkingsgraad 92,3% | 91,4%"
118,NN CDC,2024,deelnemers_actief,,155,gevuld,7,Actieve deelnemers 151 | 155
118,NN CDC,2024,deelnemers_slapers,,11814,gevuld,7,Gewezen deelnemers 11.521 | 11.814
118,NN CDC,2024,deelnemers_pensioengerechtigd,,866,gevuld,7,Pensioengerechtigden 1.028 | 866
118,NN CDC,2024,deelnemers_totaal,,12835,gevuld,7,Totaal 12.700 | 12.835
119,Philips,2025,beleggingsrendement_pct,-1.4,-1.6,vervangen,128,"Totaal beleggingsresultaat -1,6 4,9"
119,Philips,2025,nominale_dekkingsgraad_pct,,132.7,gevuld,8,"Actuele dekkingsgraad 132,7% 122,7%"
119,Philips,2025,reele_dekkingsgraad_pct,,92.2,gevuld,8,"Reële dekkingsgraad 92,2% 92,4%"
119,Philips,2025,deelnemers_actief,,11152,gevuld,13,Pensioenopbouwers6 11.152 11.784
119,Philips,2025,deelnemers_slapers,,31801,gevuld,13,Houders premievrije polissen 31.801 32.189
119,Philips,2025,deelnemers_pensioengerechtigd,,45201,gevuld,13,Pensioenontvangers 45.201 46.186
119,Philips,2025,deelnemers_totaal,,88154,gevuld,13,Totaal 88.154 90.159
119,Philips,2024,nominale_dekkingsgraad_pct,,122.7,gevuld,8,"Actuele dekkingsgraad 132,7% 122,7%"
119,Philips,2024,reele_dekkingsgraad_pct,,92.4,gevuld,8,"Reële dekkingsgraad 92,2% 92,4%"
119,Philips,2024,deelnemers_actief,,11784,gevuld,13,Pensioenopbouwers6 11.152 11.784
119,Philips,2024,deelnemers_slapers,,32189,gevuld,13,Houders premievrije polissen 31.801 32.189
120,Pon,2025,beleggingsrendement_pct,-0.7,-0.98,vervangen,5,"Beleggingsrendement -0,98 12,84 11,72 (kop 2025 2024 2023)"
120,Pon,2025,nominale_dekkingsgraad_pct,,122.6,gevuld,5,"Aanwezige dekkingsgraad (in %) 122,6 110,3 110,0"
120,Pon,2025,reele_dekkingsgraad_pct,,86.5,gevuld,5,"Reële dekkingsgraad (in %) 86,5 85,1 83,6"
120,Pon,2025,deelnemers_actief,,4372,gevuld,5,Deelnemers 4.372 4.181 4.116
120,Pon,2025,deelnemers_pensioengerechtigd,1084,1303,vervangen,5,Pensioengerechtigden 1.303 1.309 1.220
120,Pon,2025,deelnemers_totaal,10759,11157,vervangen,5,Totaal deelnemers 11.157 11.204 10.859
120,Pon,2024,nominale_dekkingsgraad_pct,,110.3,gevuld,5,"Aanwezige dekkingsgraad (in %) 122,6 110,3 110,0"
120,Pon,2024,reele_dekkingsgraad_pct,,85.1,gevuld,5,"Reële dekkingsgraad (in %) 86,5 85,1 83,6"
120,Pon,2024,deelnemers_actief,,4181,gevuld,5,Deelnemers 4.372 4.181 4.116
120,Pon,2024,deelnemers_pensioengerechtigd,,1309,gevuld,5,Pensioengerechtigden 1.303 1.309 1.220
120,Pon,2024,deelnemers_totaal,,11204,gevuld,5,Totaal deelnemers 11.157 11.204 10.859
121,PostNL,2025,beleggingsrendement_pct,-3.3,-3.5,vervangen,7,"Jaarrendement in % 2025 -3,5 | 2024 7,1"
121,PostNL,2025,nominale_dekkingsgraad_pct,,135.6,gevuld,7,"Dekkingsgraad in % 2025 135,6 | 2024 129,8"
121,PostNL,2025,reele_dekkingsgraad_pct,,102.0,gevuld,76,"Reële dekkingsgraad 31-12-2025 102,0% | 31-12-2024 101,0%"
121,PostNL,2025,deelnemers_actief,17734,17111,vervangen,7,"Deelnemers, actief en voortgezet 2025 17.111 | 2024 17.734"
121,PostNL,2025,deelnemers_slapers,38657,37969,vervangen,7,Gewezen deelnemers (slapers) 2025 37.969 | 2024 38.657
121,PostNL,2025,deelnemers_pensioengerechtigd,36519,37867,vervangen,7,Pensioengerechtigden 2025 37.867 | 2024 36.519
121,PostNL,2024,nominale_dekkingsgraad_pct,,129.8,gevuld,7,"Dekkingsgraad in % 2025 135,6 | 2024 129,8"
121,PostNL,2024,reele_dekkingsgraad_pct,,101.0,gevuld,76,"Reële dekkingsgraad 31-12-2025 102,0% | 31-12-2024 101,0%"
122,Provisum,2025,beleidsdekkingsgraad_pct,153.1,152.8,vervangen,5,"Beleidsdekkingsgraad 152,8% 147,6% 143,9%"
122,Provisum,2025,nominale_dekkingsgraad_pct,,159.6,gevuld,5,"Dekkingsgraad 159,6% 146,0% 143,6%"
122,Provisum,2025,reele_dekkingsgraad_pct,,131.1,gevuld,5,"Reële dekkingsgraad** 131,1% 129,0% 124,9%"
122,Provisum,2025,deelnemers_slapers,4081,3924,vervangen,5,Gewezen deelnemers met premievrije aanspraken (slapers) 3.924 4.081 3.942
122,Provisum,2025,deelnemers_pensioengerechtigd,2978,3036,vervangen,5,Pensioengerechtigden 3.036 2.978 2.936
122,Provisum,2025,deelnemers_totaal,9358,9239,vervangen,5,Totaal 9.239 9.358 9.058
122,Provisum,2024,nominale_dekkingsgraad_pct,,146.0,gevuld,5,"Dekkingsgraad 159,6% 146,0% 143,6%"
122,Provisum,2024,reele_dekkingsgraad_pct,,129.0,gevuld,5,"Reële dekkingsgraad** 131,1% 129,0% 124,9%"
122,Provisum,2024,deelnemers_totaal,,9358,gevuld,5,Totaal 9.239 9.358 9.058
123,Rabobank,2025,reele_dekkingsgraad_pct,,90.5,gevuld,6,"Reële dekkingsgraad (wettelijk) in % 90,5 88,2 87,5"
124,Robeco,2025,beleggingsrendement_pct,-4.6,-4.85,vervangen,5,"Beleggingsrendement risico pensioenfonds - Beleggingsrendement netto 2025 -4,85% | 2024 10,81%"
124,Robeco,2025,nominale_dekkingsgraad_pct,,159.9,gevuld,5,"Actuele dekkingsgraad 2025 159,9% | 2024 149,5%"
124,Robeco,2025,reele_dekkingsgraad_pct,,106.0,gevuld,35,"Reële dekkingsgraad UFR 2025 106,0 | 2024 111,1"
124,Robeco,2025,vereiste_dekkingsgraad_pct,113.9,112.0,vervangen,5,"Vereiste dekkingsgraad 2025 112,0% | 2024 111,0%"
124,Robeco,2025,deelnemers_actief,,801,gevuld,4,Deelnemers 2025 801 | 2024 788
124,Robeco,2025,deelnemers_slapers,23,1831,vervangen,4,Gewezen deelnemers 2025 1.831 | 2024 1.911
124,Robeco,2025,deelnemers_pensioengerechtigd,8800,492,vervangen,4,Pensioengerechtigden 2025 492 | 2024 388
124,Robeco,2025,deelnemers_totaal,8868,3124,vervangen,4,Totaal 2025 3.124 | 2024 3.087
124,Robeco,2024,nominale_dekkingsgraad_pct,,149.5,gevuld,5,"Actuele dekkingsgraad 2025 159,9% | 2024 149,5%"
124,Robeco,2024,reele_dekkingsgraad_pct,,111.1,gevuld,35,"Reële dekkingsgraad UFR 2025 106,0 | 2024 111,1"
124,Robeco,2024,deelnemers_actief,,788,gevuld,4,Deelnemers 2025 801 | 2024 788
124,Robeco,2024,deelnemers_totaal,,3087,gevuld,4,Totaal 2025 3.124 | 2024 3.087
125,Rockwool,2025,nominale_dekkingsgraad_pct,,125.1,gevuld,8,"Dekkingsgraad FTK 1) 125,1% 114,0%"
125,Rockwool,2025,reele_dekkingsgraad_pct,,89.8,gevuld,9,"Einde 2025 bedroeg de reële dekkingsgraad 89,8% (einde 2024 was dit 84,7%)"
125,Rockwool,2025,deelnemers_actief,,1206,gevuld,7,Deelnemers 1.206 1.212
125,Rockwool,2025,deelnemers_slapers,,976,gevuld,7,Gewezen deelnemers 976 982
125,Rockwool,2025,deelnemers_pensioengerechtigd,,1128,gevuld,7,Pensioengerechtigden 1.128 1.077
125,Rockwool,2025,deelnemers_totaal,,3310,gevuld,7,Totaal aantal verzekerden 3.310 3.271
125,Rockwool,2024,nominale_dekkingsgraad_pct,,114.0,gevuld,8,"Dekkingsgraad FTK 1) 125,1% 114,0%"
125,Rockwool,2024,reele_dekkingsgraad_pct,,84.7,gevuld,9,"Einde 2025 bedroeg de reële dekkingsgraad 89,8% (einde 2024 was dit 84,7%)"
125,Rockwool,2024,deelnemers_actief,,1212,gevuld,7,Deelnemers 1.206 1.212
125,Rockwool,2024,deelnemers_slapers,,982,gevuld,7,Gewezen deelnemers 976 982
125,Rockwool,2024,deelnemers_pensioengerechtigd,,1077,gevuld,7,Pensioengerechtigden 1.128 1.077
125,Rockwool,2024,deelnemers_totaal,,3271,gevuld,7,Totaal aantal verzekerden 3.310 3.271
126,SABIC,2025,beleggingsrendement_pct,-3.1,-2.3,vervangen,21,"Beleggingsrendement in % Portefeuille -2,3% 6,3%"
126,SABIC,2025,beleidsdekkingsgraad_pct,124.2,124.0,vervangen,21,"Beleidsdekkingsgraad 124,0% 119,7%"
126,SABIC,2025,nominale_dekkingsgraad_pct,,129.8,gevuld,21,"Dekkingsgraad 129,8% 117,1%"
126,SABIC,2025,reele_dekkingsgraad_pct,,92.1,gevuld,55,"SPF berekende die overeenkomstig artikel 133b van de Pensioenwet op 92,1%"
126,SABIC,2025,deelnemers_actief,2868,2664,vervangen,21,Actieven 2.664 2.868
126,SABIC,2025,deelnemers_slapers,3345,3389,vervangen,21,Gewezen Deelnemers (slapers) 3.389 3.345
126,SABIC,2025,deelnemers_pensioengerechtigd,2589,2746,vervangen,21,Pensioengerechtigden 2.746 2.589
126,SABIC,2024,deelnemers_actief,,2868,gevuld,21,Actieven 2.664 2.868
126,SABIC,2024,deelnemers_slapers,,3345,gevuld,21,Gewezen Deelnemers (slapers) 3.389 3.345
126,SABIC,2024,deelnemers_pensioengerechtigd,,2589,gevuld,21,Pensioengerechtigden 2.746 2.589
127,Sagittarius,2025,beleggingsrendement_pct,8.0,8.9,vervangen,6,"Beleggingsrendementen - Na aftrek kosten 8,9% | 4,0%"
127,Sagittarius,2025,nominale_dekkingsgraad_pct,,151.8,gevuld,6,"Dekkingsgraad actueel 151,8% | 128,7%"
127,Sagittarius,2025,reele_dekkingsgraad_pct,,105.8,gevuld,6,"Reële dekkingsgraad 105,8% | 100,0%"
127,Sagittarius,2025,deelnemers_actief,5005,22,vervangen,6,Deelnemers 22 | 412
127,Sagittarius,2025,deelnemers_slapers,1271,1607,vervangen,6,Gewezen deelnemers 1.607 | 1.271
127,Sagittarius,2025,deelnemers_pensioengerechtigd,22,1676,vervangen,6,Pensioengerechtigden 1.676 | 1.669
127,Sagittarius,2025,deelnemers_totaal,6298,3305,vervangen,6,Aantal verzekerden (totaal) 3.305 | 3.352
127,Sagittarius,2024,nominale_dekkingsgraad_pct,,128.7,gevuld,6,"Dekkingsgraad actueel 151,8% | 128,7%"
127,Sagittarius,2024,deelnemers_actief,,412,gevuld,6,Deelnemers 22 | 412
127,Sagittarius,2024,deelnemers_slapers,,1271,gevuld,6,Gewezen deelnemers 1.607 | 1.271
127,Sagittarius,2024,deelnemers_pensioengerechtigd,,1669,gevuld,6,Pensioengerechtigden 1.676 | 1.669
127,Sagittarius,2024,deelnemers_totaal,,3352,gevuld,6,Aantal verzekerden (totaal) 3.305 | 3.352
128,Smurfit Kappa,2025,nominale_dekkingsgraad_pct,,134.1,gevuld,7,"Actuele Dekkingsgraad 134,1% 124,6%"
128,Smurfit Kappa,2025,reele_dekkingsgraad_pct,,99.4,gevuld,18,"Ultimo 2025 bedroeg de reële dekkingsgraad 99,4%. Ultimo 2024 was dit 98,5%"
128,Smurfit Kappa,2025,deelnemers_actief,2211,2175,vervangen,6,Actieve deelnemers 2.175 2.211
128,Smurfit Kappa,2025,deelnemers_slapers,2246,2285,vervangen,6,Gewezen deelnemers 2.285 2.246
128,Smurfit Kappa,2025,deelnemers_pensioengerechtigd,1740,1841,vervangen,6,Pensioengerechtigden 1.841 1.740
128,Smurfit Kappa,2025,deelnemers_totaal,6197,6301,vervangen,6,Totaal 6.301 6.197
128,Smurfit Kappa,2024,nominale_dekkingsgraad_pct,,124.6,gevuld,7,"Actuele Dekkingsgraad 134,1% 124,6%"
128,Smurfit Kappa,2024,reele_dekkingsgraad_pct,,98.5,gevuld,18,"Ultimo 2025 bedroeg de reële dekkingsgraad 99,4%. Ultimo 2024 was dit 98,5%"
128,Smurfit Kappa,2024,deelnemers_actief,,2211,gevuld,6,Actieve deelnemers 2.175 2.211
128,Smurfit Kappa,2024,deelnemers_slapers,,2246,gevuld,6,Gewezen deelnemers 2.285 2.246
128,Smurfit Kappa,2024,deelnemers_pensioengerechtigd,,1740,gevuld,6,Pensioengerechtigden 1.841 1.740
128,Smurfit Kappa,2024,deelnemers_totaal,,6197,gevuld,6,Totaal 6.301 6.197
129,SNS REAAL,2025,nominale_dekkingsgraad_pct,,135.7,gevuld,7,"Nominale dekkingsgraad marktrente incl. UFR 135,7% 118,2%"
129,SNS REAAL,2025,reele_dekkingsgraad_pct,,92.5,gevuld,7,"Reële dekkingsgraad 92,5% 75,1%"
130,Sportfondsen,2025,beleggingsrendement_pct,4.7,4.4,vervangen,5,"Beleggingsperformance1 Beleggingsrendement 4,40% 12,19% 12,20% (kop 2025 2024 2023; voetnoot: betreffen de beleggingen in eigen beheer)"
130,Sportfondsen,2025,nominale_dekkingsgraad_pct,,138.6,gevuld,4,"Dekkingsgraad 138,6% 127,4% 126,2%"
130,Sportfondsen,2025,reele_dekkingsgraad_pct,,96.9,gevuld,4,"Reële dekkingsgraad 96,9% 96,3% 93,1%"
130,Sportfondsen,2025,deelnemers_actief,3075,3150,vervangen,4,Deelnemers1 3.150 3.075 1.944
130,Sportfondsen,2025,deelnemers_slapers,3252,3522,vervangen,4,Gewezen deelnemers 3.522 3.252 2.950
130,Sportfondsen,2025,deelnemers_pensioengerechtigd,1499,1575,vervangen,4,Pensioengerechtigden 1.575 1.499 1.427
130,Sportfondsen,2025,deelnemers_totaal,7826,8247,vervangen,4,Totaal aantal deelnemers 8.247 7.826 6.321
130,Sportfondsen,2024,nominale_dekkingsgraad_pct,,127.4,gevuld,4,"Dekkingsgraad 138,6% 127,4% 126,2%"
130,Sportfondsen,2024,deelnemers_actief,,3075,gevuld,4,Deelnemers1 3.150 3.075 1.944
130,Sportfondsen,2024,deelnemers_slapers,,3252,gevuld,4,Gewezen deelnemers 3.522 3.252 2.950
130,Sportfondsen,2024,deelnemers_pensioengerechtigd,,1499,gevuld,4,Pensioengerechtigden 1.575 1.499 1.427
130,Sportfondsen,2024,deelnemers_totaal,,7826,gevuld,4,Totaal aantal deelnemers 8.247 7.826 6.321
132,Thales Nederland,2025,beleggingsrendement_pct,-0.5,-0.7,vervangen,4,"Totaal beleggingsrendement (in %) -0,7% | 8,9%"
132,Thales Nederland,2025,nominale_dekkingsgraad_pct,,137.9,gevuld,4,"Actuele dekkingsgraad 137,9% | 126,3%"
132,Thales Nederland,2025,vereiste_dekkingsgraad_pct,120.5,120.1,vervangen,4,"Vereiste dekkingsgraad o.b.v. werkelijke beleggingsmix 120,1% | 120,5%"
132,Thales Nederland,2024,nominale_dekkingsgraad_pct,,126.3,gevuld,4,"Actuele dekkingsgraad 137,9% | 126,3%"
133,TNO,2025,beleggingsrendement_pct,-1.1,-1.4,vervangen,12,"Beleggingsrendement -1,4% 9,1% 11,5% -19,1% 8,6% (2025..2021)"
133,TNO,2025,nominale_dekkingsgraad_pct,,137.1,gevuld,13,"Dekkingsgraad 137,1% 124,1% 120,1% 133,6% 122,3%"
133,TNO,2025,reele_dekkingsgraad_pct,,94.1,gevuld,13,"Reële dekkingsgraad 94,1% 92,2% 92,4% 90,5% 92,1%"
133,TNO,2025,vereiste_dekkingsgraad_pct,119.4,120.0,vervangen,13,"Vereiste dekkingsgraad 120,0% 119,4% 120,5% 121,1% 120,3%"
133,TNO,2025,deelnemers_actief,5819,6046,vervangen,12,Actieve deelnemers 6.046 5.819 5.590
133,TNO,2025,deelnemers_pensioengerechtigd,5700,5875,vervangen,12,Pensioengerechtigden 5.875 5.700 5.621
133,TNO,2025,deelnemers_totaal,18839,19249,vervangen,12,Totaal 19.249 18.839 18.384
133,TNO,2024,nominale_dekkingsgraad_pct,,124.1,gevuld,13,"Dekkingsgraad 137,1% 124,1% 120,1% 133,6% 122,3%"
133,TNO,2024,reele_dekkingsgraad_pct,,92.2,gevuld,13,"Reële dekkingsgraad 94,1% 92,2% 92,4% 90,5% 92,1%"
133,TNO,2024,deelnemers_actief,,5819,gevuld,12,Actieve deelnemers 6.046 5.819 5.590
133,TNO,2024,deelnemers_pensioengerechtigd,,5700,gevuld,12,Pensioengerechtigden 5.875 5.700 5.621
133,TNO,2024,deelnemers_totaal,,18839,gevuld,12,Totaal 19.249 18.839 18.384
135,UWV,2025,nominale_dekkingsgraad_pct,,124.5,gevuld,8,"Actuele dekkingsgraad 124,5% 117,3% 116,6%"
135,UWV,2025,reele_dekkingsgraad_pct,,90.9,gevuld,8,"Reële dekkingsgraad 90,9% 90,3% 90,7%"
135,UWV,2025,vereiste_dekkingsgraad_pct,115.6,115.2,vervangen,8,"Strategisch vereiste dekkingsgraad 115,2% 115,5% 117,0%"
135,UWV,2025,deelnemers_actief,,23911,gevuld,8,"Deelnemers, actief en voortgezet 23.911 23.295 22.950"
135,UWV,2025,deelnemers_slapers,,18792,gevuld,8,Gewezen deelnemers 18.792 18.982 18.583
135,UWV,2025,deelnemers_pensioengerechtigd,,18908,gevuld,8,Pensioengerechtigden 18.908 18.050 17.298
135,UWV,2025,deelnemers_totaal,,61611,gevuld,8,Totaal aantal 61.611 60.327 58.831
135,UWV,2024,nominale_dekkingsgraad_pct,,117.3,gevuld,8,"Actuele dekkingsgraad 124,5% 117,3% 116,6%"
135,UWV,2024,reele_dekkingsgraad_pct,,90.3,gevuld,8,"Reële dekkingsgraad 90,9% 90,3% 90,7%"
135,UWV,2024,deelnemers_actief,,23295,gevuld,8,"Deelnemers, actief en voortgezet 23.911 23.295 22.950"
135,UWV,2024,deelnemers_slapers,,18982,gevuld,8,Gewezen deelnemers 18.792 18.982 18.583
135,UWV,2024,deelnemers_pensioengerechtigd,,18050,gevuld,8,Pensioengerechtigden 18.908 18.050 17.298
135,UWV,2024,deelnemers_totaal,,60327,gevuld,8,Totaal aantal 61.611 60.327 58.831
136,Vopak,2025,nominale_dekkingsgraad_pct,,137.7,gevuld,3,"Dekkingsgraad 137,7% 129,3% 128,0%"
136,Vopak,2025,reele_dekkingsgraad_pct,,108.3,gevuld,3,"Reële dekkingsgraad 108,3% 105,1% 99,6%"
136,Vopak,2025,deelnemers_actief,,1282,gevuld,3,Aantallen Deelnemers 1.282 1.353 1.413
136,Vopak,2025,deelnemers_slapers,400,2046,vervangen,3,Gewezen deelnemers 2.046 1.985 1.955
136,Vopak,2025,deelnemers_pensioengerechtigd,400,2744,vervangen,3,Pensioengerechtigden 2.744 2.762 2.771
136,Vopak,2025,deelnemers_totaal,831,6072,vervangen,3,6.072 6.100 6.139
136,Vopak,2024,nominale_dekkingsgraad_pct,,129.3,gevuld,3,"Dekkingsgraad 137,7% 129,3% 128,0%"
136,Vopak,2024,reele_dekkingsgraad_pct,,105.1,gevuld,3,"Reële dekkingsgraad 108,3% 105,1% 99,6%"
136,Vopak,2024,deelnemers_actief,,1353,gevuld,3,Aantallen Deelnemers 1.282 1.353 1.413
136,Vopak,2024,deelnemers_slapers,,1985,gevuld,3,Gewezen deelnemers 2.046 1.985 1.955
136,Vopak,2024,deelnemers_pensioengerechtigd,,2762,gevuld,3,Pensioengerechtigden 2.744 2.762 2.771
136,Vopak,2024,deelnemers_totaal,,6100,gevuld,3,6.072 6.100 6.139
137,Witteveen+Bos,2025,beleggingsrendement_pct,3.3,3.12,vervangen,5,"Beleggingsrendement4 2025 3,12% | 2024 7,15% (4. Rendement beleggingen voor vermogensbeheerkosten)"
137,Witteveen+Bos,2025,nominale_dekkingsgraad_pct,,145.1,gevuld,5,"Aanwezige dekkingsgraad2 2025 145,1% | 2024 114,4%"
137,Witteveen+Bos,2025,reele_dekkingsgraad_pct,,93.5,gevuld,5,"Reële dekkingsgraad3 2025 93,5% | 2024 86,6%"
137,Witteveen+Bos,2025,deelnemers_actief,1318,1456,vervangen,4,Deelnemers 2025 1.456 | 2024 1.318
137,Witteveen+Bos,2024,nominale_dekkingsgraad_pct,,114.4,gevuld,5,"Aanwezige dekkingsgraad2 2025 145,1% | 2024 114,4%"
137,Witteveen+Bos,2024,reele_dekkingsgraad_pct,,86.6,gevuld,5,"Reële dekkingsgraad3 2025 93,5% | 2024 86,6%"
137,Witteveen+Bos,2024,deelnemers_actief,,1318,gevuld,4,Deelnemers 2025 1.456 | 2024 1.318
140,BeFrank PPI,2025,aum_euro_bn,,12.897193,gevuld,5,(In duizenden euro) AuM 2025 12.897.193 | 2024 11.110.032
140,BeFrank PPI,2025,deelnemers_totaal,,403870,gevuld,5,Aantal deelnemers 2025 403.870 | 2024 372.150
140,BeFrank PPI,2024,aum_euro_bn,,11.110032,gevuld,5,(In duizenden euro) AuM 2025 12.897.193 | 2024 11.110.032
158,IFF,2025,beleggingsrendement_pct,,-0.7,gevuld,5,"Beleggingsrendement risico pensioenkring -0,7% (periode 1 oktober 2025 t/m 31 december 2025)"
158,IFF,2025,beleidsdekkingsgraad_pct,,141.1,gevuld,5,"Beleidsdekkingsgraad 141,1%"
158,IFF,2025,nominale_dekkingsgraad_pct,,147.6,gevuld,5,"Feitelijke dekkingsgraad 147,6%"
158,IFF,2025,reele_dekkingsgraad_pct,,103.0,gevuld,21,"Reële dekkingsgraad 103,0"
158,IFF,2025,vereiste_dekkingsgraad_pct,,116.1,gevuld,5,"Vereiste dekkingsgraad 116,1%"
158,IFF,2025,rente_afdekking_pct,,70.3,gevuld,75,"Het percentage afdekking van het renterisico van 70,3% (risicoparagraaf)"
158,IFF,2025,aum_euro_bn,,0.469423,gevuld,58,Beleggingen voor risico Pensioenkring IFF (bedragen x € 1.000) 469.423
158,IFF,2025,deelnemers_actief,,1097,gevuld,5,Actieven en arbeidsongeschikten 1.097
158,IFF,2025,deelnemers_slapers,,1182,gevuld,5,Gewezen deelnemers 1.182
158,IFF,2025,deelnemers_pensioengerechtigd,,573,gevuld,5,Pensioengerechtigden 573
158,IFF,2025,deelnemers_totaal,,2852,gevuld,5,Totaal 2.852
163,Kring AFM (De Nationale),2025,nominale_dekkingsgraad_pct,,140.6,gevuld,15,"Aanwezige dekkingsgraad 140,6%"
163,Kring AFM (De Nationale),2025,deelnemers_actief,,870,gevuld,15,Actieve deelnemers 870
163,Kring AFM (De Nationale),2025,deelnemers_slapers,,928,gevuld,15,Gewezen deelnemers 928
163,Kring AFM (De Nationale),2025,deelnemers_pensioengerechtigd,,109,gevuld,15,Pensioengerechtigden 109
163,Kring AFM (De Nationale),2025,deelnemers_totaal,,1907,gevuld,15,Totaal 1.907
163,Kring AFM (De Nationale),2024,nominale_dekkingsgraad_pct,,117.2,gevuld,15,"Aanwezige dekkingsgraad 140,6%"
163,Kring AFM (De Nationale),2024,deelnemers_actief,,795,gevuld,15,Actieve deelnemers 870
163,Kring AFM (De Nationale),2024,deelnemers_slapers,,886,gevuld,15,Gewezen deelnemers 928
163,Kring AFM (De Nationale),2024,deelnemers_pensioengerechtigd,,104,gevuld,15,Pensioengerechtigden 109
163,Kring AFM (De Nationale),2024,deelnemers_totaal,,1785,gevuld,15,Totaal 1.907
164,Kring ANWB (De Nationale),2025,nominale_dekkingsgraad_pct,,134.1,gevuld,16,"Aanwezige dekkingsgraad 134,1%"
164,Kring ANWB (De Nationale),2025,deelnemers_actief,,4375,gevuld,16,Actieve deelnemers 4.375
164,Kring ANWB (De Nationale),2025,deelnemers_slapers,,8857,gevuld,16,Gewezen deelnemers 8.857
164,Kring ANWB (De Nationale),2025,deelnemers_pensioengerechtigd,,2935,gevuld,16,Pensioengerechtigden 2.935
164,Kring ANWB (De Nationale),2025,deelnemers_totaal,6915,16167,vervangen,16,Totaal 16.167
164,Kring ANWB (De Nationale),2024,nominale_dekkingsgraad_pct,,116.1,gevuld,16,"Aanwezige dekkingsgraad 134,1%"
164,Kring ANWB (De Nationale),2024,deelnemers_actief,,4147,gevuld,16,Actieve deelnemers 4.375
164,Kring ANWB (De Nationale),2024,deelnemers_slapers,,8614,gevuld,16,Gewezen deelnemers 8.857
164,Kring ANWB (De Nationale),2024,deelnemers_pensioengerechtigd,,2775,gevuld,16,Pensioengerechtigden 2.935
164,Kring ANWB (De Nationale),2024,deelnemers_totaal,,15536,gevuld,16,Totaal 16.167
165,Kring Arcadis (Hnp),2025,beleggingsrendement_pct,-4.1,-4.33,vervangen,12,"Beleggingsrendement (in %) -4,33% 7,07%"
165,Kring Arcadis (Hnp),2025,nominale_dekkingsgraad_pct,,132.9,gevuld,11,"Aanwezige dekkingsgraad (in %) 132,9% 119,0%"
165,Kring Arcadis (Hnp),2025,reele_dekkingsgraad_pct,,89.2,gevuld,12,"Reële dekkingsgraad (in %) 89,2% 88,9%"
165,Kring Arcadis (Hnp),2025,vereiste_dekkingsgraad_pct,117.1,119.5,vervangen,11,"Vereiste dekkingsgraad (in %) 119,5% 118,9%"
165,Kring Arcadis (Hnp),2025,deelnemers_actief,,2170,gevuld,11,Actieve deelnemers 2.170 2.197
165,Kring Arcadis (Hnp),2025,deelnemers_slapers,,4385,gevuld,11,Gewezen deelnemers 4.385 4.240
165,Kring Arcadis (Hnp),2025,deelnemers_pensioengerechtigd,,2755,gevuld,11,Pensioengerechtigden 2.755 2.725
165,Kring Arcadis (Hnp),2025,deelnemers_totaal,729,9310,vervangen,11,9.310 9.162
165,Kring Arcadis (Hnp),2024,nominale_dekkingsgraad_pct,,119.0,gevuld,11,"Aanwezige dekkingsgraad (in %) 132,9% 119,0%"
165,Kring Arcadis (Hnp),2024,reele_dekkingsgraad_pct,,88.9,gevuld,12,"Reële dekkingsgraad (in %) 89,2% 88,9%"
165,Kring Arcadis (Hnp),2024,deelnemers_actief,,2197,gevuld,11,Actieve deelnemers 2.170 2.197
165,Kring Arcadis (Hnp),2024,deelnemers_slapers,,4240,gevuld,11,Gewezen deelnemers 4.385 4.240
165,Kring Arcadis (Hnp),2024,deelnemers_pensioengerechtigd,,2725,gevuld,11,Pensioengerechtigden 2.755 2.725
165,Kring Arcadis (Hnp),2024,deelnemers_totaal,,9162,gevuld,11,9.310 9.162
166,Kring B (De Nationale),2025,nominale_dekkingsgraad_pct,,128.3,gevuld,11,"Aanwezige dekkingsgraad 128,3%"
166,Kring B (De Nationale),2025,deelnemers_actief,,614,gevuld,11,Actieve deelnemers 614
166,Kring B (De Nationale),2025,deelnemers_slapers,,3385,gevuld,11,Gewezen deelnemers 3.385
166,Kring B (De Nationale),2025,deelnemers_pensioengerechtigd,,972,gevuld,11,Pensioengerechtigden 972
166,Kring B (De Nationale),2025,deelnemers_totaal,,4971,gevuld,11,Totaal 4.971
166,Kring B (De Nationale),2024,nominale_dekkingsgraad_pct,,111.0,gevuld,11,"Aanwezige dekkingsgraad 128,3%"
166,Kring B (De Nationale),2024,deelnemers_actief,,610,gevuld,11,Actieve deelnemers 614
166,Kring B (De Nationale),2024,deelnemers_slapers,,3412,gevuld,11,Gewezen deelnemers 3.385
166,Kring B (De Nationale),2024,deelnemers_pensioengerechtigd,,939,gevuld,11,Pensioengerechtigden 972
166,Kring B (De Nationale),2024,deelnemers_totaal,,4961,gevuld,11,Totaal 4.971
167,Kring CK1 (Hnp),2025,beleggingsrendement_pct,-11.5,-11.29,vervangen,8,"Beleggingsrendement (in %) -11,29% 6,59%"
167,Kring CK1 (Hnp),2025,nominale_dekkingsgraad_pct,,124.4,gevuld,7,"Aanwezige dekkingsgraad (in %) 124,4% 107,7%"
167,Kring CK1 (Hnp),2025,reele_dekkingsgraad_pct,,79.4,gevuld,7,"Reële dekkingsgraad (in %) 79,4% 79,5%"
167,Kring CK1 (Hnp),2025,deelnemers_actief,,1986,gevuld,7,Actieve deelnemers 1.986 2.297
167,Kring CK1 (Hnp),2025,deelnemers_slapers,,11532,gevuld,7,Gewezen deelnemers 11.532 11.142
167,Kring CK1 (Hnp),2025,deelnemers_pensioengerechtigd,,603,gevuld,7,Pensioengerechtigden 603 533
167,Kring CK1 (Hnp),2025,deelnemers_totaal,729,14121,vervangen,7,14.121 13.972
167,Kring CK1 (Hnp),2024,nominale_dekkingsgraad_pct,,107.7,gevuld,7,"Aanwezige dekkingsgraad (in %) 124,4% 107,7%"
167,Kring CK1 (Hnp),2024,reele_dekkingsgraad_pct,,79.5,gevuld,7,"Reële dekkingsgraad (in %) 79,4% 79,5%"
167,Kring CK1 (Hnp),2024,deelnemers_actief,,2297,gevuld,7,Actieve deelnemers 1.986 2.297
167,Kring CK1 (Hnp),2024,deelnemers_slapers,,11142,gevuld,7,Gewezen deelnemers 11.532 11.142
167,Kring CK1 (Hnp),2024,deelnemers_pensioengerechtigd,,533,gevuld,7,Pensioengerechtigden 603 533
167,Kring CK1 (Hnp),2024,deelnemers_totaal,,13972,gevuld,7,14.121 13.972
168,Kring D (De Nationale),2025,nominale_dekkingsgraad_pct,,130.4,gevuld,12,"Aanwezige dekkingsgraad 130,4%"
168,Kring D (De Nationale),2025,deelnemers_actief,,25,gevuld,12,Actieve deelnemers 25
168,Kring D (De Nationale),2025,deelnemers_slapers,,5729,gevuld,12,Gewezen deelnemers 5.729
168,Kring D (De Nationale),2025,deelnemers_pensioengerechtigd,,1361,gevuld,12,Pensioengerechtigden 1.361
168,Kring D (De Nationale),2025,deelnemers_totaal,,7115,gevuld,12,Totaal 7.115
168,Kring D (De Nationale),2024,nominale_dekkingsgraad_pct,,113.6,gevuld,12,"Aanwezige dekkingsgraad 130,4%"
168,Kring D (De Nationale),2024,deelnemers_actief,,29,gevuld,12,Actieve deelnemers 25
168,Kring D (De Nationale),2024,deelnemers_slapers,,5912,gevuld,12,Gewezen deelnemers 5.729
168,Kring D (De Nationale),2024,deelnemers_pensioengerechtigd,,1241,gevuld,12,Pensioengerechtigden 1.361
168,Kring D (De Nationale),2024,deelnemers_totaal,,7182,gevuld,12,Totaal 7.115
169,Kring A / AZL en Unisys (De Nationale),2025,nominale_dekkingsgraad_pct,,128.9,gevuld,10,"Aanwezige dekkingsgraad 128,9%"
169,Kring A / AZL en Unisys (De Nationale),2025,deelnemers_actief,,622,gevuld,10,Actieve deelnemers 622
169,Kring A / AZL en Unisys (De Nationale),2025,deelnemers_slapers,,1393,gevuld,10,Gewezen deelnemers 1.393
169,Kring A / AZL en Unisys (De Nationale),2025,deelnemers_pensioengerechtigd,,1645,gevuld,10,Pensioengerechtigden 1.645
169,Kring A / AZL en Unisys (De Nationale),2025,deelnemers_totaal,,3660,gevuld,10,Totaal 3.660
169,Kring A / AZL en Unisys (De Nationale),2024,nominale_dekkingsgraad_pct,,116.9,gevuld,10,"Aanwezige dekkingsgraad 128,9%"
169,Kring A / AZL en Unisys (De Nationale),2024,deelnemers_actief,,616,gevuld,10,Actieve deelnemers 622
169,Kring A / AZL en Unisys (De Nationale),2024,deelnemers_slapers,,1405,gevuld,10,Gewezen deelnemers 1.393
169,Kring A / AZL en Unisys (De Nationale),2024,deelnemers_pensioengerechtigd,,1651,gevuld,10,Pensioengerechtigden 1.645
169,Kring A / AZL en Unisys (De Nationale),2024,deelnemers_totaal,,3672,gevuld,10,Totaal 3.660
170,Kring Douwe Egberts (Stap),2025,nominale_dekkingsgraad_pct,,139.4,gevuld,5,"Feitelijke dekkingsgraad 139,4% 133,3%"
170,Kring Douwe Egberts (Stap),2025,reele_dekkingsgraad_pct,,104.9,gevuld,20,"Reële dekkingsgraad 104,9 103,2"
170,Kring Douwe Egberts (Stap),2024,nominale_dekkingsgraad_pct,,133.3,gevuld,5,"Feitelijke dekkingsgraad 139,4% 133,3%"
170,Kring Douwe Egberts (Stap),2024,reele_dekkingsgraad_pct,,103.2,gevuld,20,"Reële dekkingsgraad 104,9 103,2"
171,Kring Eastman (Stap),2025,nominale_dekkingsgraad_pct,,124.6,gevuld,5,"Feitelijke dekkingsgraad 124,6% 120,1% 118,8%"
171,Kring Eastman (Stap),2025,reele_dekkingsgraad_pct,,89.7,gevuld,21,"Reële dekkingsgraad 89,7 89,2"
171,Kring Eastman (Stap),2024,nominale_dekkingsgraad_pct,,120.1,gevuld,5,"Feitelijke dekkingsgraad 124,6% 120,1% 118,8%"
171,Kring Eastman (Stap),2024,reele_dekkingsgraad_pct,,89.2,gevuld,21,"Reële dekkingsgraad 89,7 89,2"
172,Kring Forward (Unilever),2025,beleidsdekkingsgraad_pct,171.4,171.6,vervangen,86,"Forward toelichting balans: Beleidsdekkingsgraad 171,6% 151,3%"
172,Kring Forward (Unilever),2025,nominale_dekkingsgraad_pct,,185.4,gevuld,86,"Actuele dekkingsgraad 185,4% 145,1%"
172,Kring Forward (Unilever),2025,reele_dekkingsgraad_pct,,105.7,gevuld,86,"Reële dekkingsgraad 105,7% 101,7%"
172,Kring Forward (Unilever),2025,deelnemers_actief,,2385,gevuld,44,Deelnemers voor wie wordt bijgedragen 2.385 2.673
172,Kring Forward (Unilever),2025,deelnemers_slapers,,3544,gevuld,44,Deelnemers met premievrije aanspraken 3.544 3.053
172,Kring Forward (Unilever),2025,deelnemers_pensioengerechtigd,,483,gevuld,44,Pensioengerechtigden 483 417
172,Kring Forward (Unilever),2025,deelnemers_totaal,,6412,gevuld,44,Totaal 6.412 6.143
172,Kring Forward (Unilever),2024,nominale_dekkingsgraad_pct,,145.1,gevuld,86,"Actuele dekkingsgraad 185,4% 145,1%"
172,Kring Forward (Unilever),2024,reele_dekkingsgraad_pct,,101.7,gevuld,86,"Reële dekkingsgraad 105,7% 101,7%"
172,Kring Forward (Unilever),2024,deelnemers_actief,,2673,gevuld,44,Deelnemers voor wie wordt bijgedragen 2.385 2.673
172,Kring Forward (Unilever),2024,deelnemers_slapers,,3053,gevuld,44,Deelnemers met premievrije aanspraken 3.544 3.053
172,Kring Forward (Unilever),2024,deelnemers_pensioengerechtigd,,417,gevuld,44,Pensioengerechtigden 483 417
172,Kring Forward (Unilever),2024,deelnemers_totaal,,6143,gevuld,44,Totaal 6.412 6.143
173,Kring McCain (De Nationale),2025,nominale_dekkingsgraad_pct,,130.1,gevuld,14,"Aanwezige dekkingsgraad 130,1%"
173,Kring McCain (De Nationale),2025,deelnemers_actief,506,585,vervangen,14,Actieve deelnemers 585
173,Kring McCain (De Nationale),2025,deelnemers_slapers,1495,611,vervangen,14,Gewezen deelnemers 611
173,Kring McCain (De Nationale),2025,deelnemers_pensioengerechtigd,1611,292,vervangen,14,Pensioengerechtigden 292
173,Kring McCain (De Nationale),2025,deelnemers_totaal,,1488,gevuld,14,Totaal 1.488
173,Kring McCain (De Nationale),2024,nominale_dekkingsgraad_pct,,115.8,gevuld,14,"Aanwezige dekkingsgraad 130,1%"
173,Kring McCain (De Nationale),2024,deelnemers_actief,,563,gevuld,14,Actieve deelnemers 585
173,Kring McCain (De Nationale),2024,deelnemers_slapers,,585,gevuld,14,Gewezen deelnemers 611
173,Kring McCain (De Nationale),2024,deelnemers_pensioengerechtigd,,274,gevuld,14,Pensioengerechtigden 292
173,Kring McCain (De Nationale),2024,deelnemers_totaal,,1422,gevuld,14,Totaal 1.488
174,Kring Progress (Unilever),2025,nominale_dekkingsgraad_pct,,179.6,gevuld,109,"Progress: Actuele dekkingsgraad 179,6% 166,7%"
174,Kring Progress (Unilever),2025,reele_dekkingsgraad_pct,,128.4,gevuld,109,"Progress: Reële dekkingsgraad 128,4% 127,6%"
174,Kring Progress (Unilever),2025,deelnemers_actief,,761,gevuld,57,Progress: Deelnemers voor wie wordt bijgedragen 761 909
174,Kring Progress (Unilever),2025,deelnemers_slapers,,6008,gevuld,57,Progress: Deelnemers met premievrije aanspraken 6.008 6.211
174,Kring Progress (Unilever),2025,deelnemers_pensioengerechtigd,,9919,gevuld,57,Progress: Pensioengerechtigden 9.919 10.072
174,Kring Progress (Unilever),2025,deelnemers_totaal,,16688,gevuld,57,Progress: Totaal 16.688 17.192
174,Kring Progress (Unilever),2024,nominale_dekkingsgraad_pct,,166.7,gevuld,109,"Progress: Actuele dekkingsgraad 179,6% 166,7%"
174,Kring Progress (Unilever),2024,reele_dekkingsgraad_pct,,127.6,gevuld,109,"Progress: Reële dekkingsgraad 128,4% 127,6%"
174,Kring Progress (Unilever),2024,deelnemers_actief,,909,gevuld,57,Progress: Deelnemers voor wie wordt bijgedragen 761 909
174,Kring Progress (Unilever),2024,deelnemers_slapers,,6211,gevuld,57,Progress: Deelnemers met premievrije aanspraken 6.008 6.211
174,Kring Progress (Unilever),2024,deelnemers_pensioengerechtigd,,10072,gevuld,57,Progress: Pensioengerechtigden 9.919 10.072
174,Kring Progress (Unilever),2024,deelnemers_totaal,,17192,gevuld,57,Progress: Totaal 16.688 17.192
175,Kring Roba (Hnp),2025,beleggingsrendement_pct,-3.1,-3.29,vervangen,24,"Beleggingsrendement (in %) -3,29% 10,13%"
175,Kring Roba (Hnp),2025,nominale_dekkingsgraad_pct,,157.1,gevuld,23,"Aanwezige dekkingsgraad (in %) 157,1% 144,2%"
175,Kring Roba (Hnp),2025,reele_dekkingsgraad_pct,,110.6,gevuld,23,"Reële dekkingsgraad (in %) 110,6% 110,4%"
175,Kring Roba (Hnp),2025,deelnemers_actief,,327,gevuld,23,Aantal actieve deelnemers 327 334
175,Kring Roba (Hnp),2025,deelnemers_slapers,,264,gevuld,23,Aantal gewezen deelnemers 264 246
175,Kring Roba (Hnp),2025,deelnemers_pensioengerechtigd,,159,gevuld,23,Aantal pensioengerechtigden 159 149
175,Kring Roba (Hnp),2025,deelnemers_totaal,,750,gevuld,23,750 729
175,Kring Roba (Hnp),2024,nominale_dekkingsgraad_pct,,144.2,gevuld,23,"Aanwezige dekkingsgraad (in %) 157,1% 144,2%"
175,Kring Roba (Hnp),2024,reele_dekkingsgraad_pct,,110.4,gevuld,23,"Reële dekkingsgraad (in %) 110,6% 110,4%"
175,Kring Roba (Hnp),2024,deelnemers_actief,,334,gevuld,23,Aantal actieve deelnemers 327 334
175,Kring Roba (Hnp),2024,deelnemers_slapers,,246,gevuld,23,Aantal gewezen deelnemers 264 246
175,Kring Roba (Hnp),2024,deelnemers_pensioengerechtigd,,149,gevuld,23,Aantal pensioengerechtigden 159 149
175,Kring Roba (Hnp),2024,deelnemers_totaal,,729,gevuld,23,750 729
176,Kring SVG (Stap),2025,beleggingsrendement_pct,-1.3,-1.5,vervangen,5,"Beleggingsrendement Per jaar -1,5% 7,7%"
176,Kring SVG (Stap),2025,nominale_dekkingsgraad_pct,,128.4,gevuld,5,"Feitelijke dekkingsgraad 128,4% 124,8%"
176,Kring SVG (Stap),2025,reele_dekkingsgraad_pct,,99.1,gevuld,20,"Reële dekkingsgraad 99,1 97,5"
176,Kring SVG (Stap),2024,nominale_dekkingsgraad_pct,,124.8,gevuld,5,"Feitelijke dekkingsgraad 128,4% 124,8%"
176,Kring SVG (Stap),2024,reele_dekkingsgraad_pct,,97.5,gevuld,20,"Reële dekkingsgraad 99,1 97,5"
177,"Staples (SPS, in liquidatie)",2025,beleggingsrendement_pct,-3.9,-1.3,vervangen,6,"Rendement beleggingen ... Na kosten vermogensbeheer*** -1,3% 6,7% 9,9% (*** voor 2025 periode januari - juni)"
177,"Staples (SPS, in liquidatie)",2025,beleidsdekkingsgraad_pct,124.4,126.6,vervangen,5,"Beleidsdekkingsgraad* 126,6% 128,4% 123,1% (* voor 2025 per 30 juni 2025)"
177,"Staples (SPS, in liquidatie)",2025,nominale_dekkingsgraad_pct,,98.1,gevuld,5,"Actuele dekkingsgraad* 98,1% 127,8% 124,4% (* voor 2025 per 30 juni 2025)"
177,"Staples (SPS, in liquidatie)",2025,reele_dekkingsgraad_pct,,98.1,gevuld,5,"Reële dekkingsgraad* 98,1% 94,6% 89,1% (* per 30 juni 2025)"
177,"Staples (SPS, in liquidatie)",2025,aum_euro_bn,0.506,0.004155,vervangen,5,Beleggingen (Bedragen in duizenden euro's) Totaal beleggingen voor risico pensioenfonds 4.155 701.190
177,"Staples (SPS, in liquidatie)",2024,nominale_dekkingsgraad_pct,,127.8,gevuld,5,"Actuele dekkingsgraad* 98,1% 127,8% 124,4% (* voor 2025 per 30 juni 2025)"
177,"Staples (SPS, in liquidatie)",2024,reele_dekkingsgraad_pct,,94.6,gevuld,5,"Reële dekkingsgraad* 98,1% 94,6% 89,1% (* per 30 juni 2025)"
181,Oak,2025,beleggingsrendement_pct,-1.8,-2.1,vervangen,14,"Jaarrendement portefeuille in % -2,1 9,0"
181,Oak,2025,nominale_dekkingsgraad_pct,,141.3,gevuld,14,"Dekkingsgraad in % 141,3 122,9"
181,Oak,2025,reele_dekkingsgraad_pct,,93.6,gevuld,38,"De reële dekkingsgraad betreft ultimo 2025 93,6% (2024: 92,8%)"
181,Oak,2024,reele_dekkingsgraad_pct,,92.8,gevuld,38,"De reële dekkingsgraad betreft ultimo 2025 93,6% (2024: 92,8%)"
183,Pensioenkring 2 (Stap),2025,nominale_dekkingsgraad_pct,,127.8,gevuld,5,"Feitelijke dekkingsgraad 127,8% 117,4%"
183,Pensioenkring 2 (Stap),2025,reele_dekkingsgraad_pct,,91.1,gevuld,23,"Reële dekkingsgraad 91,1 88,8"
183,Pensioenkring 2 (Stap),2025,deelnemers_actief,,343,gevuld,5,Actieven en arbeidsongeschikten 343 353
183,Pensioenkring 2 (Stap),2025,deelnemers_slapers,,6636,gevuld,5,Gewezen deelnemers 6.636 6.843
183,Pensioenkring 2 (Stap),2025,deelnemers_pensioengerechtigd,,1756,gevuld,5,Pensioengerechtigden 1.756 1.619
183,Pensioenkring 2 (Stap),2025,deelnemers_totaal,,8735,gevuld,5,Totaal 8.735 8.815
183,Pensioenkring 2 (Stap),2024,nominale_dekkingsgraad_pct,,117.4,gevuld,5,"Feitelijke dekkingsgraad 127,8% 117,4%"
184,Pensioenkring AON (Stap),2025,nominale_dekkingsgraad_pct,,162.8,gevuld,5,"Feitelijke dekkingsgraad 162,8% 145,6%"
184,Pensioenkring AON (Stap),2024,nominale_dekkingsgraad_pct,,145.6,gevuld,5,"Feitelijke dekkingsgraad 162,8% 145,6%"
185,Pensioenkring Astellas (Stap),2025,beleggingsrendement_pct,0.3,0.1,vervangen,5,"Beleggingsrendement risico pensioenkring 0,1% 8,6%"
185,Pensioenkring Astellas (Stap),2025,beleidsdekkingsgraad_pct,132.3,133.4,vervangen,5,"Beleidsdekkingsgraad 133,4% 125,6%"
185,Pensioenkring Astellas (Stap),2025,nominale_dekkingsgraad_pct,,140.2,gevuld,5,"Feitelijke dekkingsgraad 140,2% 123,6%"
185,Pensioenkring Astellas (Stap),2025,reele_dekkingsgraad_pct,,97.9,gevuld,22,"Reële dekkingsgraad 97,9 94,4"
185,Pensioenkring Astellas (Stap),2025,vereiste_dekkingsgraad_pct,119.0,119.3,vervangen,5,"Vereiste dekkingsgraad 119,3% 118,4%"
185,Pensioenkring Astellas (Stap),2025,deelnemers_actief,,676,gevuld,5,Actieven en arbeidsongeschikten 676 681
185,Pensioenkring Astellas (Stap),2025,deelnemers_slapers,,1022,gevuld,5,Gewezen deelnemers 1.022 1.014
185,Pensioenkring Astellas (Stap),2025,deelnemers_pensioengerechtigd,,408,gevuld,5,Pensioengerechtigden 408 377
185,Pensioenkring Astellas (Stap),2025,deelnemers_totaal,,2106,gevuld,5,Totaal 2.106 2.072
185,Pensioenkring Astellas (Stap),2024,nominale_dekkingsgraad_pct,,123.6,gevuld,5,"Feitelijke dekkingsgraad 140,2% 123,6%"
185,Pensioenkring Astellas (Stap),2024,reele_dekkingsgraad_pct,,94.4,gevuld,22,"Reële dekkingsgraad 97,9 94,4"
185,Pensioenkring Astellas (Stap),2024,deelnemers_actief,,681,gevuld,5,Actieven en arbeidsongeschikten 676 681
185,Pensioenkring Astellas (Stap),2024,deelnemers_slapers,,1014,gevuld,5,Gewezen deelnemers 1.022 1.014
185,Pensioenkring Astellas (Stap),2024,deelnemers_pensioengerechtigd,,377,gevuld,5,Pensioengerechtigden 408 377
185,Pensioenkring Astellas (Stap),2024,deelnemers_totaal,,2072,gevuld,5,Totaal 2.106 2.072
186,Pensioenkring Ballast Nedam (Stap),2025,nominale_dekkingsgraad_pct,,134.1,gevuld,5,"Feitelijke dekkingsgraad 134,1% 121,3%"
186,Pensioenkring Ballast Nedam (Stap),2025,reele_dekkingsgraad_pct,,97.7,gevuld,21,"Reële dekkingsgraad 97,7 93,8"
186,Pensioenkring Ballast Nedam (Stap),2024,nominale_dekkingsgraad_pct,,121.3,gevuld,5,"Feitelijke dekkingsgraad 134,1% 121,3%"
186,Pensioenkring Ballast Nedam (Stap),2024,reele_dekkingsgraad_pct,,93.8,gevuld,21,"Reële dekkingsgraad 97,7 93,8"
187,Pensioenkring CRH (Hnp),2025,beleggingsrendement_pct,-1.8,-2.03,vervangen,16,"Beleggingsrendement (in %) -2,03%"
187,Pensioenkring CRH (Hnp),2025,nominale_dekkingsgraad_pct,,134.2,gevuld,15,"Aanwezige dekkingsgraad (in %) 134,2%"
187,Pensioenkring CRH (Hnp),2025,reele_dekkingsgraad_pct,,88.6,gevuld,15,"Reële dekkingsgraad (in %) 88,6%"
187,Pensioenkring CRH (Hnp),2025,deelnemers_actief,,1007,gevuld,15,Aantal actieve deelnemers 1.007
187,Pensioenkring CRH (Hnp),2025,deelnemers_slapers,,9243,gevuld,15,Aantal gewezen deelnemers 9.243
187,Pensioenkring CRH (Hnp),2025,deelnemers_pensioengerechtigd,,2060,gevuld,15,Aantal pensioengerechtigden 2.060
187,Pensioenkring CRH (Hnp),2025,deelnemers_totaal,729,12310,vervangen,15,12.310 (totaalregel onder aantal deelnemers)
188,Pensioenkring GE Nederland (Stap),2025,beleggingsrendement_pct,-2.4,-2.7,vervangen,5,"Beleggingsrendement risico pensioenkring -2,7% 8,3% 14,2% (kop 2025 2024 2023 2022 2021)"
188,Pensioenkring GE Nederland (Stap),2025,beleidsdekkingsgraad_pct,149.4,149.6,vervangen,5,"Beleidsdekkingsgraad 149,6% 140,3% 138,3%"
188,Pensioenkring GE Nederland (Stap),2025,nominale_dekkingsgraad_pct,,163.5,gevuld,5,"Feitelijke dekkingsgraad 163,5% 140,7% 135,9%"
188,Pensioenkring GE Nederland (Stap),2025,reele_dekkingsgraad_pct,,106.3,gevuld,24,"Reële dekkingsgraad 106,3 102,5"
188,Pensioenkring GE Nederland (Stap),2025,vereiste_dekkingsgraad_pct,125.2,125.0,vervangen,5,"Vereiste dekkingsgraad 125,0% 125,1% 126,0%"
188,Pensioenkring GE Nederland (Stap),2024,nominale_dekkingsgraad_pct,,140.7,gevuld,5,"Feitelijke dekkingsgraad 163,5% 140,7% 135,9%"
188,Pensioenkring GE Nederland (Stap),2024,reele_dekkingsgraad_pct,,102.5,gevuld,24,"Reële dekkingsgraad 106,3 102,5"
189,Pensioenkring OWASE (Hnp),2025,beleggingsrendement_pct,-2.2,-2.5,vervangen,18,"Beleggingsrendement (in %) -2,50% 8,89%"
189,Pensioenkring OWASE (Hnp),2025,nominale_dekkingsgraad_pct,,136.5,gevuld,17,"Aanwezige dekkingsgraad (in %) 136,5% 128,0%"
189,Pensioenkring OWASE (Hnp),2025,reele_dekkingsgraad_pct,,99.8,gevuld,18,"Reële dekkingsgraad (in %) 99,8% 98,6%"
189,Pensioenkring OWASE (Hnp),2025,deelnemers_actief,,1326,gevuld,17,Actieve deelnemers 1.326 1.276
189,Pensioenkring OWASE (Hnp),2025,deelnemers_slapers,,1627,gevuld,17,Gewezen deelnemers 1.627 1.601
189,Pensioenkring OWASE (Hnp),2025,deelnemers_pensioengerechtigd,,1808,gevuld,17,Pensioengerechtigden 1.808 1.768
189,Pensioenkring OWASE (Hnp),2025,deelnemers_totaal,,4761,gevuld,17,4.761 4.645
189,Pensioenkring OWASE (Hnp),2024,nominale_dekkingsgraad_pct,,128.0,gevuld,17,"Aanwezige dekkingsgraad (in %) 136,5% 128,0%"
189,Pensioenkring OWASE (Hnp),2024,reele_dekkingsgraad_pct,,98.6,gevuld,18,"Reële dekkingsgraad (in %) 99,8% 98,6%"
189,Pensioenkring OWASE (Hnp),2024,deelnemers_actief,,1276,gevuld,17,Actieve deelnemers 1.326 1.276
189,Pensioenkring OWASE (Hnp),2024,deelnemers_slapers,,1601,gevuld,17,Gewezen deelnemers 1.627 1.601
189,Pensioenkring OWASE (Hnp),2024,deelnemers_pensioengerechtigd,,1768,gevuld,17,Pensioengerechtigden 1.808 1.768
189,Pensioenkring OWASE (Hnp),2024,deelnemers_totaal,,4645,gevuld,17,4.761 4.645
190,Pensioenkring PepsiCo (Hnp),2025,nominale_dekkingsgraad_pct,,122.1,gevuld,19,"Aanwezige dekkingsgraad (in %) 122,1% 114,4%"
190,Pensioenkring PepsiCo (Hnp),2025,reele_dekkingsgraad_pct,,82.5,gevuld,19,"Reële dekkingsgraad (in %) 82,5% 84,5%"
190,Pensioenkring PepsiCo (Hnp),2025,deelnemers_actief,,466,gevuld,19,Aantal actieve deelnemers 466 489
190,Pensioenkring PepsiCo (Hnp),2025,deelnemers_slapers,,844,gevuld,19,Aantal gewezen deelnemers 844 814
190,Pensioenkring PepsiCo (Hnp),2025,deelnemers_pensioengerechtigd,,479,gevuld,19,Aantal pensioengerechtigden 479 472
190,Pensioenkring PepsiCo (Hnp),2025,deelnemers_totaal,,1789,gevuld,19,1.789 1.775
190,Pensioenkring PepsiCo (Hnp),2024,nominale_dekkingsgraad_pct,,114.4,gevuld,19,"Aanwezige dekkingsgraad (in %) 122,1% 114,4%"
190,Pensioenkring PepsiCo (Hnp),2024,reele_dekkingsgraad_pct,,84.5,gevuld,19,"Reële dekkingsgraad (in %) 82,5% 84,5%"
190,Pensioenkring PepsiCo (Hnp),2024,deelnemers_actief,,489,gevuld,19,Aantal actieve deelnemers 466 489
190,Pensioenkring PepsiCo (Hnp),2024,deelnemers_slapers,,814,gevuld,19,Aantal gewezen deelnemers 844 814
190,Pensioenkring PepsiCo (Hnp),2024,deelnemers_pensioengerechtigd,,472,gevuld,19,Aantal pensioengerechtigden 479 472
190,Pensioenkring PepsiCo (Hnp),2024,deelnemers_totaal,,1775,gevuld,19,1.789 1.775
191,Pensioenkring Randstad (Hnp),2025,nominale_dekkingsgraad_pct,,113.0,gevuld,21,"Aanwezige dekkingsgraad (in %) 113,0% 106,0%"
191,Pensioenkring Randstad (Hnp),2025,reele_dekkingsgraad_pct,,78.7,gevuld,22,"Reële dekkingsgraad (in %) 78,7% 79,6%"
191,Pensioenkring Randstad (Hnp),2025,deelnemers_slapers,,11751,gevuld,21,Gewezen deelnemers 11.751 12.008
191,Pensioenkring Randstad (Hnp),2025,deelnemers_pensioengerechtigd,,1489,gevuld,21,Pensioengerechtigden 1.489 1.315
191,Pensioenkring Randstad (Hnp),2025,deelnemers_totaal,,13355,gevuld,21,13.355 13.450
191,Pensioenkring Randstad (Hnp),2024,nominale_dekkingsgraad_pct,,106.0,gevuld,21,"Aanwezige dekkingsgraad (in %) 113,0% 106,0%"
191,Pensioenkring Randstad (Hnp),2024,reele_dekkingsgraad_pct,,79.6,gevuld,22,"Reële dekkingsgraad (in %) 78,7% 79,6%"
191,Pensioenkring Randstad (Hnp),2024,deelnemers_slapers,,12008,gevuld,21,Gewezen deelnemers 11.751 12.008
191,Pensioenkring Randstad (Hnp),2024,deelnemers_pensioengerechtigd,,1315,gevuld,21,Pensioengerechtigden 1.489 1.315
191,Pensioenkring Randstad (Hnp),2024,deelnemers_totaal,,13450,gevuld,21,13.355 13.450
192,Pensioenkring Sweco (Hnp),2025,nominale_dekkingsgraad_pct,,120.6,gevuld,25,"Aanwezige dekkingsgraad (in %) 120,6% 112,6%"
192,Pensioenkring Sweco (Hnp),2025,reele_dekkingsgraad_pct,,86.6,gevuld,26,"Reële dekkingsgraad (in %) 86,6% 85,7%"
192,Pensioenkring Sweco (Hnp),2025,deelnemers_actief,,1915,gevuld,25,Actieve deelnemers 1.915 1.630
192,Pensioenkring Sweco (Hnp),2025,deelnemers_slapers,,3851,gevuld,25,Gewezen deelnemers 3.851 3.778
192,Pensioenkring Sweco (Hnp),2025,deelnemers_pensioengerechtigd,,1904,gevuld,25,Pensioengerechtigden 1.904 1.870
192,Pensioenkring Sweco (Hnp),2025,deelnemers_totaal,,7670,gevuld,25,7.670 7.278
192,Pensioenkring Sweco (Hnp),2024,nominale_dekkingsgraad_pct,,112.6,gevuld,25,"Aanwezige dekkingsgraad (in %) 120,6% 112,6%"
192,Pensioenkring Sweco (Hnp),2024,reele_dekkingsgraad_pct,,85.7,gevuld,26,"Reële dekkingsgraad (in %) 86,6% 85,7%"
192,Pensioenkring Sweco (Hnp),2024,deelnemers_actief,,1630,gevuld,25,Actieve deelnemers 1.915 1.630
192,Pensioenkring Sweco (Hnp),2024,deelnemers_slapers,,3778,gevuld,25,Gewezen deelnemers 3.851 3.778
192,Pensioenkring Sweco (Hnp),2024,deelnemers_pensioengerechtigd,,1870,gevuld,25,Pensioengerechtigden 1.904 1.870
192,Pensioenkring Sweco (Hnp),2024,deelnemers_totaal,,7278,gevuld,25,7.670 7.278
193,Kring Van Lanschot (HNPF),2025,beleidsdekkingsgraad_pct,,127.4,gevuld,27,"Beleidsdekkingsgraad (in %) 127,4%"
193,Kring Van Lanschot (HNPF),2025,nominale_dekkingsgraad_pct,,130.6,gevuld,27,"Aanwezige dekkingsgraad (in %) 130,6%"
193,Kring Van Lanschot (HNPF),2025,reele_dekkingsgraad_pct,,94.9,gevuld,27,"Reële dekkingsgraad (in %) 94,9%"
193,Kring Van Lanschot (HNPF),2025,vereiste_dekkingsgraad_pct,,113.7,gevuld,27,"Vereiste dekkingsgraad (in %) 113,7%"
193,Kring Van Lanschot (HNPF),2025,rente_afdekking_pct,,82.0,gevuld,376,"De feitelĳke renteafdekking per ultimo 2025 bedroeg 82,0%."
193,Kring Van Lanschot (HNPF),2025,aum_euro_bn,,0.900837,gevuld,28,Totaal beleggingen 900.837 (bedragen in duizenden euro's)
193,Kring Van Lanschot (HNPF),2025,deelnemers_actief,,38,gevuld,27,Aantal actieve deelnemers 38
193,Kring Van Lanschot (HNPF),2025,deelnemers_slapers,,3013,gevuld,27,Aantal gewezen deelnemers 3.013
193,Kring Van Lanschot (HNPF),2025,deelnemers_pensioengerechtigd,,1009,gevuld,27,Aantal pensioengerechtigden 1.009
193,Kring Van Lanschot (HNPF),2025,deelnemers_totaal,,4060,gevuld,27,Aantal deelnemers (totaal) 4.060
194,Pensioenkring Wolters Kluwer NL (Hnp),2025,nominale_dekkingsgraad_pct,,139.0,gevuld,29,"Aanwezige dekkingsgraad (in %) 139,0%"
194,Pensioenkring Wolters Kluwer NL (Hnp),2025,reele_dekkingsgraad_pct,,101.6,gevuld,29,"Reële dekkingsgraad (in %) 101,6%"
194,Pensioenkring Wolters Kluwer NL (Hnp),2025,deelnemers_actief,,750,gevuld,29,Aantal actieve deelnemers 750
194,Pensioenkring Wolters Kluwer NL (Hnp),2025,deelnemers_slapers,,3326,gevuld,29,Aantal gewezen deelnemers 3.326
194,Pensioenkring Wolters Kluwer NL (Hnp),2025,deelnemers_pensioengerechtigd,,3094,gevuld,29,Aantal pensioengerechtigden 3.094
194,Pensioenkring Wolters Kluwer NL (Hnp),2025,deelnemers_totaal,,7170,gevuld,29,7.170
195,Pensioenkring Xerox (Hnp),2025,beleggingsrendement_pct,-0.3,-0.5,vervangen,32,"Beleggingsrendement (in %) -0,50% 7,65%"
195,Pensioenkring Xerox (Hnp),2025,nominale_dekkingsgraad_pct,,123.5,gevuld,31,"Aanwezige dekkingsgraad (in %) 123,5% 116,2%"
195,Pensioenkring Xerox (Hnp),2025,reele_dekkingsgraad_pct,,92.5,gevuld,31,"Reële dekkingsgraad (in %) 92,5% 89,4%"
195,Pensioenkring Xerox (Hnp),2025,deelnemers_actief,,21,gevuld,31,Aantal actieve deelnemers 21 23
195,Pensioenkring Xerox (Hnp),2025,deelnemers_slapers,,2056,gevuld,31,Aantal gewezen deelnemers 2.056 2.138
195,Pensioenkring Xerox (Hnp),2025,deelnemers_pensioengerechtigd,,2463,gevuld,31,Aantal pensioengerechtigden 2.463 2.451
195,Pensioenkring Xerox (Hnp),2025,deelnemers_totaal,,4540,gevuld,31,4.540 4.612
195,Pensioenkring Xerox (Hnp),2024,nominale_dekkingsgraad_pct,,116.2,gevuld,31,"Aanwezige dekkingsgraad (in %) 123,5% 116,2%"
195,Pensioenkring Xerox (Hnp),2024,reele_dekkingsgraad_pct,,89.4,gevuld,31,"Reële dekkingsgraad (in %) 92,5% 89,4%"
195,Pensioenkring Xerox (Hnp),2024,deelnemers_actief,,23,gevuld,31,Aantal actieve deelnemers 21 23
195,Pensioenkring Xerox (Hnp),2024,deelnemers_slapers,,2138,gevuld,31,Aantal gewezen deelnemers 2.056 2.138
195,Pensioenkring Xerox (Hnp),2024,deelnemers_pensioengerechtigd,,2451,gevuld,31,Aantal pensioengerechtigden 2.463 2.451
195,Pensioenkring Xerox (Hnp),2024,deelnemers_totaal,,4612,gevuld,31,4.540 4.612
198,Rijn- en Binnenvaart,2025,beleggingsrendement_pct,,0.6,gevuld,8,"Rendement (inclusief rente-overlay) 0,6%"
198,Rijn- en Binnenvaart,2025,beleidsdekkingsgraad_pct,,142.8,gevuld,8,"Beleidsdekkingsgraad 142,8%"
198,Rijn- en Binnenvaart,2025,nominale_dekkingsgraad_pct,,155.6,gevuld,8,"Dekkingsgraad 155,6%"
198,Rijn- en Binnenvaart,2025,aum_euro_bn,,1.164727,gevuld,8,Pensioenvermogen 1.164.727 (in duizenden euro)
198,Rijn- en Binnenvaart,2025,deelnemers_actief,,172,gevuld,7,Deelnemers 2) 172
198,Rijn- en Binnenvaart,2025,deelnemers_slapers,,17121,gevuld,7,Gewezen deelnemers 3) 17.121
198,Rijn- en Binnenvaart,2025,deelnemers_pensioengerechtigd,,3806,gevuld,7,Pensioengerechtigden 3.806
198,Rijn- en Binnenvaart,2025,deelnemers_totaal,,21099,gevuld,7,Totaal aantal 21.099
198,Rijn- en Binnenvaart,2024,nominale_dekkingsgraad_pct,,133.3,gevuld,8,"Dekkingsgraad 155,6%"
207,Pensioenfonds British American Tobacco,2025,beleggingsrendement_pct,,-3.55,gevuld,5,"Rendement portefeuille in % -3,55% 2,53%"
207,Pensioenfonds British American Tobacco,2025,beleidsdekkingsgraad_pct,,110.9,gevuld,5,"Beleidsdekkingsgraad in % 110,9% 136,1%"
207,Pensioenfonds British American Tobacco,2025,nominale_dekkingsgraad_pct,,102.0,gevuld,5,"Actuele DNB dekkingsgraad in % 102,0% 129,8%"
207,Pensioenfonds British American Tobacco,2025,deelnemers_actief,,27,gevuld,5,Actieve deelnemers (incl. AO’ers) 27 28
207,Pensioenfonds British American Tobacco,2025,deelnemers_slapers,,836,gevuld,5,Gewezen deelnemers (‘slapers’) 836 886
207,Pensioenfonds British American Tobacco,2025,deelnemers_pensioengerechtigd,,1318,gevuld,5,Pensioengerechtigden 1.318 1.297
207,Pensioenfonds British American Tobacco,2025,deelnemers_totaal,,2181,gevuld,5,Totaal aantal verzekerden 2.181 2.211
207,Pensioenfonds British American Tobacco,2024,nominale_dekkingsgraad_pct,,129.8,gevuld,5,"Actuele DNB dekkingsgraad in % 102,0% 129,8%"
207,Pensioenfonds British American Tobacco,2024,deelnemers_actief,,28,gevuld,5,Actieve deelnemers (incl. AO’ers) 27 28
207,Pensioenfonds British American Tobacco,2024,deelnemers_slapers,,886,gevuld,5,Gewezen deelnemers (‘slapers’) 836 886
207,Pensioenfonds British American Tobacco,2024,deelnemers_pensioengerechtigd,,1297,gevuld,5,Pensioengerechtigden 1.318 1.297
207,Pensioenfonds British American Tobacco,2024,deelnemers_totaal,,2211,gevuld,5,Totaal aantal verzekerden 2.181 2.211
209,Kring DC (Centraal Beheer),2025,beleggingsrendement_pct,,8.98,gevuld,84,"Beleggingsrendement 8,98% 17,03% (kop 2025 2024)"
209,Kring DC (Centraal Beheer),2025,beleidsdekkingsgraad_pct,,101.9,gevuld,85,"Beleidsdekkingsgraad (december) 101,9% 101,8%"
209,Kring DC (Centraal Beheer),2025,nominale_dekkingsgraad_pct,,101.9,gevuld,85,"Actuele dekkingsgraad ultimo 101,9% 101,8%"
209,Kring DC (Centraal Beheer),2025,aum_euro_bn,,1.314588,gevuld,85,Totaal belegd vermogen (x € 1.000) 1.314.588 1.036.244
209,Kring DC (Centraal Beheer),2025,deelnemers_actief,,24743,gevuld,84,Actieven en arbeidsongeschikten 24.743 26.071
209,Kring DC (Centraal Beheer),2025,deelnemers_slapers,,20876,gevuld,84,Gewezen deelnemers 20.876 17.222
209,Kring DC (Centraal Beheer),2025,deelnemers_pensioengerechtigd,,1350,gevuld,84,Pensioengerechtigden 1.350 946
209,Kring DC (Centraal Beheer),2025,deelnemers_totaal,,46969,gevuld,84,Deelnemers 46.969 44.239
209,Kring DC (Centraal Beheer),2024,beleggingsrendement_pct,,17.03,gevuld,84,"Beleggingsrendement 8,98% 17,03% (kop 2025 2024)"
209,Kring DC (Centraal Beheer),2024,beleidsdekkingsgraad_pct,,101.8,gevuld,85,"Beleidsdekkingsgraad (december) 101,9% 101,8%"
209,Kring DC (Centraal Beheer),2024,nominale_dekkingsgraad_pct,,101.8,gevuld,85,"Actuele dekkingsgraad ultimo 101,9% 101,8%"
209,Kring DC (Centraal Beheer),2024,aum_euro_bn,,1.036244,gevuld,85,Totaal belegd vermogen (x € 1.000) 1.314.588 1.036.244
209,Kring DC (Centraal Beheer),2024,deelnemers_actief,,26071,gevuld,84,Actieven en arbeidsongeschikten 24.743 26.071
209,Kring DC (Centraal Beheer),2024,deelnemers_slapers,,17222,gevuld,84,Gewezen deelnemers 20.876 17.222
209,Kring DC (Centraal Beheer),2024,deelnemers_pensioengerechtigd,,946,gevuld,84,Pensioengerechtigden 1.350 946
209,Kring DC (Centraal Beheer),2024,deelnemers_totaal,,44239,gevuld,84,Deelnemers 46.969 44.239
210,Kring DB Evenwicht (Centraal Beheer),2025,beleggingsrendement_pct,,2.79,gevuld,163,"Beleggingsrendement 2,79% 7,76% 7,76% (kop 2025 2024 ...)"
210,Kring DB Evenwicht (Centraal Beheer),2025,beleidsdekkingsgraad_pct,,132.8,gevuld,168,"Beleidsdekkingsgraad 132,8% 125,6% (kop 31-12-2025 31-12-2024 ...)"
210,Kring DB Evenwicht (Centraal Beheer),2025,nominale_dekkingsgraad_pct,,138.4,gevuld,168,"Actuele dekkingsgraad 138,4% 124,3%"
210,Kring DB Evenwicht (Centraal Beheer),2025,reele_dekkingsgraad_pct,,101.1,gevuld,168,"Reële dekkingsgraad 101,1% 96,1%"
210,Kring DB Evenwicht (Centraal Beheer),2025,vereiste_dekkingsgraad_pct,,114.3,gevuld,168,"Vereiste dekkingsgraad 114,3% 113,8%"
210,Kring DB Evenwicht (Centraal Beheer),2025,aum_euro_bn,,0.423742,gevuld,164,Totaal belegd vermogen (Bedragen in € 1.000) 423.742 431.006
210,Kring DB Evenwicht (Centraal Beheer),2025,deelnemers_actief,,15,gevuld,162,Actieven en arbeidsongeschikten 15 18
210,Kring DB Evenwicht (Centraal Beheer),2025,deelnemers_slapers,,1182,gevuld,162,Gewezen deelnemers 1.182 1.241
210,Kring DB Evenwicht (Centraal Beheer),2025,deelnemers_pensioengerechtigd,,1456,gevuld,162,Pensioengerechtigden 1.456 1.478
210,Kring DB Evenwicht (Centraal Beheer),2025,deelnemers_totaal,,2653,gevuld,162,Deelnemers 2.653 2.737
210,Kring DB Evenwicht (Centraal Beheer),2024,beleggingsrendement_pct,,7.76,gevuld,163,"Beleggingsrendement 2,79% 7,76% 7,76% (kop 2025 2024 ...)"
210,Kring DB Evenwicht (Centraal Beheer),2024,beleidsdekkingsgraad_pct,,125.6,gevuld,168,"Beleidsdekkingsgraad 132,8% 125,6% (kop 31-12-2025 31-12-2024 ...)"
210,Kring DB Evenwicht (Centraal Beheer),2024,nominale_dekkingsgraad_pct,,124.3,gevuld,168,"Actuele dekkingsgraad 138,4% 124,3%"
210,Kring DB Evenwicht (Centraal Beheer),2024,reele_dekkingsgraad_pct,,96.1,gevuld,168,"Reële dekkingsgraad 101,1% 96,1%"
210,Kring DB Evenwicht (Centraal Beheer),2024,vereiste_dekkingsgraad_pct,,113.8,gevuld,168,"Vereiste dekkingsgraad 114,3% 113,8%"
210,Kring DB Evenwicht (Centraal Beheer),2024,aum_euro_bn,,0.431006,gevuld,164,Totaal belegd vermogen (Bedragen in € 1.000) 423.742 431.006
210,Kring DB Evenwicht (Centraal Beheer),2024,deelnemers_actief,,18,gevuld,162,Actieven en arbeidsongeschikten 15 18
210,Kring DB Evenwicht (Centraal Beheer),2024,deelnemers_slapers,,1241,gevuld,162,Gewezen deelnemers 1.182 1.241
210,Kring DB Evenwicht (Centraal Beheer),2024,deelnemers_pensioengerechtigd,,1478,gevuld,162,Pensioengerechtigden 1.456 1.478
210,Kring DB Evenwicht (Centraal Beheer),2024,deelnemers_totaal,,2737,gevuld,162,Deelnemers 2.653 2.737
211,Kring DB Koopkracht (Centraal Beheer),2025,beleggingsrendement_pct,,0.45,gevuld,145,"Beleggingsrendement 0,45% 10,58% 8,22% (kop 2025 2024 ...)"
211,Kring DB Koopkracht (Centraal Beheer),2025,beleidsdekkingsgraad_pct,,149.5,gevuld,150,"Beleidsdekkingsgraad 149,5% 135,4% (kop 31-12-2025 31-12-2024 ...)"
211,Kring DB Koopkracht (Centraal Beheer),2025,nominale_dekkingsgraad_pct,,162.5,gevuld,150,"Actuele dekkingsgraad 162,5% 132,5%"
211,Kring DB Koopkracht (Centraal Beheer),2025,reele_dekkingsgraad_pct,,104.4,gevuld,150,"Reële dekkingsgraad 104,4% 98,3%"
211,Kring DB Koopkracht (Centraal Beheer),2025,vereiste_dekkingsgraad_pct,,119.9,gevuld,150,"Vereiste dekkingsgraad 119,9% 118,7%"
211,Kring DB Koopkracht (Centraal Beheer),2025,aum_euro_bn,,0.132253,gevuld,146,Totaal belegd vermogen (Bedragen in € 1.000) 132.253 133.431
211,Kring DB Koopkracht (Centraal Beheer),2025,deelnemers_actief,,157,gevuld,144,Actieven en arbeidsongeschikten 157 167
211,Kring DB Koopkracht (Centraal Beheer),2025,deelnemers_slapers,,1160,gevuld,144,Gewezen deelnemers 1.160 1.164
211,Kring DB Koopkracht (Centraal Beheer),2025,deelnemers_pensioengerechtigd,,96,gevuld,144,Pensioengerechtigden 96 82
211,Kring DB Koopkracht (Centraal Beheer),2025,deelnemers_totaal,,1413,gevuld,144,Deelnemers 1.413 1.413
211,Kring DB Koopkracht (Centraal Beheer),2024,beleggingsrendement_pct,,10.58,gevuld,145,"Beleggingsrendement 0,45% 10,58% 8,22% (kop 2025 2024 ...)"
211,Kring DB Koopkracht (Centraal Beheer),2024,beleidsdekkingsgraad_pct,,135.4,gevuld,150,"Beleidsdekkingsgraad 149,5% 135,4% (kop 31-12-2025 31-12-2024 ...)"
211,Kring DB Koopkracht (Centraal Beheer),2024,nominale_dekkingsgraad_pct,,132.5,gevuld,150,"Actuele dekkingsgraad 162,5% 132,5%"
211,Kring DB Koopkracht (Centraal Beheer),2024,reele_dekkingsgraad_pct,,98.3,gevuld,150,"Reële dekkingsgraad 104,4% 98,3%"
211,Kring DB Koopkracht (Centraal Beheer),2024,vereiste_dekkingsgraad_pct,,118.7,gevuld,150,"Vereiste dekkingsgraad 119,9% 118,7%"
211,Kring DB Koopkracht (Centraal Beheer),2024,aum_euro_bn,,0.133431,gevuld,146,Totaal belegd vermogen (Bedragen in € 1.000) 132.253 133.431
211,Kring DB Koopkracht (Centraal Beheer),2024,deelnemers_actief,,167,gevuld,144,Actieven en arbeidsongeschikten 157 167
211,Kring DB Koopkracht (Centraal Beheer),2024,deelnemers_slapers,,1164,gevuld,144,Gewezen deelnemers 1.160 1.164
211,Kring DB Koopkracht (Centraal Beheer),2024,deelnemers_pensioengerechtigd,,82,gevuld,144,Pensioengerechtigden 96 82
211,Kring DB Koopkracht (Centraal Beheer),2024,deelnemers_totaal,,1413,gevuld,144,Deelnemers 1.413 1.413
212,Kring DB Premie (Centraal Beheer),2025,beleggingsrendement_pct,,-1.54,gevuld,108,"Beleggingsrendement -1,54% 11,01% 8,20% (kop 2025 2024 ...)"
212,Kring DB Premie (Centraal Beheer),2025,beleidsdekkingsgraad_pct,,143.7,gevuld,113,"Beleidsdekkingsgraad 143,7% 126,4% (kop 31-12-2025 31-12-2024 ...)"
212,Kring DB Premie (Centraal Beheer),2025,nominale_dekkingsgraad_pct,,159.0,gevuld,113,"Actuele dekkingsgraad 159,0% 125,9%"
212,Kring DB Premie (Centraal Beheer),2025,reele_dekkingsgraad_pct,,98.0,gevuld,113,"Reële dekkingsgraad 98,0% 90,8%"
212,Kring DB Premie (Centraal Beheer),2025,vereiste_dekkingsgraad_pct,,120.6,gevuld,113,"Vereiste dekkingsgraad 120,6% 119,1%"
212,Kring DB Premie (Centraal Beheer),2025,aum_euro_bn,,0.130228,gevuld,109,Totaal belegd vermogen (Bedragen in € 1.000) 130.228 127.174
212,Kring DB Premie (Centraal Beheer),2025,deelnemers_actief,,842,gevuld,107,Actieven en arbeidsongeschikten 842 836
212,Kring DB Premie (Centraal Beheer),2025,deelnemers_slapers,,4241,gevuld,107,Gewezen deelnemers 4.241 4.217
212,Kring DB Premie (Centraal Beheer),2025,deelnemers_pensioengerechtigd,,289,gevuld,107,Pensioengerechtigden 289 210
212,Kring DB Premie (Centraal Beheer),2025,deelnemers_totaal,,5372,gevuld,107,Deelnemers 5.372 5.263
212,Kring DB Premie (Centraal Beheer),2024,beleggingsrendement_pct,,11.01,gevuld,108,"Beleggingsrendement -1,54% 11,01% 8,20% (kop 2025 2024 ...)"
212,Kring DB Premie (Centraal Beheer),2024,beleidsdekkingsgraad_pct,,126.4,gevuld,113,"Beleidsdekkingsgraad 143,7% 126,4% (kop 31-12-2025 31-12-2024 ...)"
212,Kring DB Premie (Centraal Beheer),2024,nominale_dekkingsgraad_pct,,125.9,gevuld,113,"Actuele dekkingsgraad 159,0% 125,9%"
212,Kring DB Premie (Centraal Beheer),2024,reele_dekkingsgraad_pct,,90.8,gevuld,113,"Reële dekkingsgraad 98,0% 90,8%"
212,Kring DB Premie (Centraal Beheer),2024,vereiste_dekkingsgraad_pct,,119.1,gevuld,113,"Vereiste dekkingsgraad 120,6% 119,1%"
212,Kring DB Premie (Centraal Beheer),2024,aum_euro_bn,,0.127174,gevuld,109,Totaal belegd vermogen (Bedragen in € 1.000) 130.228 127.174
212,Kring DB Premie (Centraal Beheer),2024,deelnemers_actief,,836,gevuld,107,Actieven en arbeidsongeschikten 842 836
212,Kring DB Premie (Centraal Beheer),2024,deelnemers_slapers,,4217,gevuld,107,Gewezen deelnemers 4.241 4.217
212,Kring DB Premie (Centraal Beheer),2024,deelnemers_pensioengerechtigd,,210,gevuld,107,Pensioengerechtigden 289 210
212,Kring DB Premie (Centraal Beheer),2024,deelnemers_totaal,,5263,gevuld,107,Deelnemers 5.372 5.263
213,Kring DB Stabiliteit (Centraal Beheer),2025,beleggingsrendement_pct,,-12.56,gevuld,126,"Beleggingsrendement -12,56% 10,73% (kop 2025 2024)"
213,Kring DB Stabiliteit (Centraal Beheer),2025,beleidsdekkingsgraad_pct,,112.3,gevuld,132,"Beleidsdekkingsgraad 112,3% 99,0% (31-12-2025, 31-12-2024)"
213,Kring DB Stabiliteit (Centraal Beheer),2025,nominale_dekkingsgraad_pct,,119.3,gevuld,132,"Actuele dekkingsgraad 119,3% 104,5%"
213,Kring DB Stabiliteit (Centraal Beheer),2025,reele_dekkingsgraad_pct,,77.0,gevuld,132,"Reële dekkingsgraad 77,0% 71,2%"
213,Kring DB Stabiliteit (Centraal Beheer),2025,vereiste_dekkingsgraad_pct,,111.1,gevuld,132,"Vereiste dekkingsgraad 111,1% 111,1%"
213,Kring DB Stabiliteit (Centraal Beheer),2025,aum_euro_bn,,0.029244,gevuld,127,Totaal belegd vermogen (x € 1.000) 29.244 32.308
213,Kring DB Stabiliteit (Centraal Beheer),2025,deelnemers_actief,,310,gevuld,125,Actieven en arbeidsongeschikten 310 286
213,Kring DB Stabiliteit (Centraal Beheer),2025,deelnemers_slapers,,1367,gevuld,125,Gewezen deelnemers 1.367 1.369
213,Kring DB Stabiliteit (Centraal Beheer),2025,deelnemers_pensioengerechtigd,,98,gevuld,125,Pensioengerechtigden 98 76
213,Kring DB Stabiliteit (Centraal Beheer),2025,deelnemers_totaal,,1775,gevuld,125,Deelnemers 1.775 1.731
213,Kring DB Stabiliteit (Centraal Beheer),2024,beleggingsrendement_pct,,10.73,gevuld,126,"Beleggingsrendement -12,56% 10,73% (kop 2025 2024)"
213,Kring DB Stabiliteit (Centraal Beheer),2024,beleidsdekkingsgraad_pct,,99.0,gevuld,132,"Beleidsdekkingsgraad 112,3% 99,0% (31-12-2025, 31-12-2024)"
213,Kring DB Stabiliteit (Centraal Beheer),2024,nominale_dekkingsgraad_pct,,104.5,gevuld,132,"Actuele dekkingsgraad 119,3% 104,5%"
213,Kring DB Stabiliteit (Centraal Beheer),2024,reele_dekkingsgraad_pct,,71.2,gevuld,132,"Reële dekkingsgraad 77,0% 71,2%"
213,Kring DB Stabiliteit (Centraal Beheer),2024,vereiste_dekkingsgraad_pct,,111.1,gevuld,132,"Vereiste dekkingsgraad 111,1% 111,1%"
213,Kring DB Stabiliteit (Centraal Beheer),2024,aum_euro_bn,,0.032308,gevuld,127,Totaal belegd vermogen (x € 1.000) 29.244 32.308
213,Kring DB Stabiliteit (Centraal Beheer),2024,deelnemers_actief,,286,gevuld,125,Actieven en arbeidsongeschikten 310 286
213,Kring DB Stabiliteit (Centraal Beheer),2024,deelnemers_slapers,,1369,gevuld,125,Gewezen deelnemers 1.367 1.369
213,Kring DB Stabiliteit (Centraal Beheer),2024,deelnemers_pensioengerechtigd,,76,gevuld,125,Pensioengerechtigden 98 76
213,Kring DB Stabiliteit (Centraal Beheer),2024,deelnemers_totaal,,1731,gevuld,125,Deelnemers 1.775 1.731
214,Kring HPE (Centraal Beheer),2025,beleggingsrendement_pct,,1.77,gevuld,293,"Beleggingsrendement 1,77% 8,03% (kop 2025 2024)"
214,Kring HPE (Centraal Beheer),2025,beleidsdekkingsgraad_pct,,132.0,gevuld,300,"Beleidsdekkingsgraad 132,0% 127,4%"
214,Kring HPE (Centraal Beheer),2025,nominale_dekkingsgraad_pct,,137.9,gevuld,300,"Actuele dekkingsgraad 137,9% 125,0%"
214,Kring HPE (Centraal Beheer),2025,reele_dekkingsgraad_pct,,101.0,gevuld,300,"Reële dekkingsgraad 101,0% 97,6%"
214,Kring HPE (Centraal Beheer),2025,vereiste_dekkingsgraad_pct,,118.8,gevuld,300,"Vereiste dekkingsgraad 118,8% 117,7%"
214,Kring HPE (Centraal Beheer),2025,aum_euro_bn,,1.671292,gevuld,294,Totaal belegd vermogen (x € 1.000) 1.671.292 1.664.469
214,Kring HPE (Centraal Beheer),2025,deelnemers_actief,,205,gevuld,292,Actieven en arbeidsongeschikten 205 201
214,Kring HPE (Centraal Beheer),2025,deelnemers_slapers,,3633,gevuld,292,Gewezen deelnemers 3.633 3.911
214,Kring HPE (Centraal Beheer),2025,deelnemers_pensioengerechtigd,,3332,gevuld,292,Pensioengerechtigden 3.332 3.176
214,Kring HPE (Centraal Beheer),2025,deelnemers_totaal,,7170,gevuld,292,Deelnemers 7.170 7.288
214,Kring HPE (Centraal Beheer),2024,beleggingsrendement_pct,,8.03,gevuld,293,"Beleggingsrendement 1,77% 8,03% (kop 2025 2024)"
214,Kring HPE (Centraal Beheer),2024,beleidsdekkingsgraad_pct,,127.4,gevuld,300,"Beleidsdekkingsgraad 132,0% 127,4%"
214,Kring HPE (Centraal Beheer),2024,nominale_dekkingsgraad_pct,,125.0,gevuld,300,"Actuele dekkingsgraad 137,9% 125,0%"
214,Kring HPE (Centraal Beheer),2024,reele_dekkingsgraad_pct,,97.6,gevuld,300,"Reële dekkingsgraad 101,0% 97,6%"
214,Kring HPE (Centraal Beheer),2024,vereiste_dekkingsgraad_pct,,117.7,gevuld,300,"Vereiste dekkingsgraad 118,8% 117,7%"
214,Kring HPE (Centraal Beheer),2024,aum_euro_bn,,1.664469,gevuld,294,Totaal belegd vermogen (x € 1.000) 1.671.292 1.664.469
214,Kring HPE (Centraal Beheer),2024,deelnemers_actief,,201,gevuld,292,Actieven en arbeidsongeschikten 205 201
214,Kring HPE (Centraal Beheer),2024,deelnemers_slapers,,3911,gevuld,292,Gewezen deelnemers 3.633 3.911
214,Kring HPE (Centraal Beheer),2024,deelnemers_pensioengerechtigd,,3176,gevuld,292,Pensioengerechtigden 3.332 3.176
214,Kring HPE (Centraal Beheer),2024,deelnemers_totaal,,7288,gevuld,292,Deelnemers 7.170 7.288
215,Kring RBS / NatWest (Centraal Beheer),2025,beleggingsrendement_pct,,-3.64,gevuld,183,"Beleggingsrendement -3,64% 7,47% 7,86% (kop 2025 2024 ...)"
215,Kring RBS / NatWest (Centraal Beheer),2025,beleidsdekkingsgraad_pct,,155.9,gevuld,188,"Beleidsdekkingsgraad 155,9% 153,4% (kop 31-12-2025 31-12-2024 ...)"
215,Kring RBS / NatWest (Centraal Beheer),2025,nominale_dekkingsgraad_pct,,161.5,gevuld,188,"Actuele dekkingsgraad 161,5% 147,1%"
215,Kring RBS / NatWest (Centraal Beheer),2025,reele_dekkingsgraad_pct,,112.6,gevuld,188,"Reële dekkingsgraad 112,6% 113,0%"
215,Kring RBS / NatWest (Centraal Beheer),2025,vereiste_dekkingsgraad_pct,,110.9,gevuld,188,"Vereiste dekkingsgraad 110,9% 113,2%"
215,Kring RBS / NatWest (Centraal Beheer),2025,rente_afdekking_pct,,55.0,gevuld,195,De rentegevoeligheid van de Technische Voorziening wordt afgedekt. In 2025 werd 55% van de rentegevoeligheid van de pensioenverplichtingen afgedekt.
215,Kring RBS / NatWest (Centraal Beheer),2025,aum_euro_bn,,0.844762,gevuld,184,Totaal belegd vermogen (Bedragen in € 1.000) 844.762 890.945
215,Kring RBS / NatWest (Centraal Beheer),2025,deelnemers_actief,,12,gevuld,182,Actieven en arbeidsongeschikten 12 15
215,Kring RBS / NatWest (Centraal Beheer),2025,deelnemers_slapers,,1454,gevuld,182,Gewezen deelnemers 1.454 1.483
215,Kring RBS / NatWest (Centraal Beheer),2025,deelnemers_pensioengerechtigd,,347,gevuld,182,Pensioengerechtigden 347 317
215,Kring RBS / NatWest (Centraal Beheer),2025,deelnemers_totaal,,1813,gevuld,182,Deelnemers 1.813 1.815
215,Kring RBS / NatWest (Centraal Beheer),2024,beleggingsrendement_pct,,7.47,gevuld,183,"Beleggingsrendement -3,64% 7,47% 7,86% (kop 2025 2024 ...)"
215,Kring RBS / NatWest (Centraal Beheer),2024,beleidsdekkingsgraad_pct,,153.4,gevuld,188,"Beleidsdekkingsgraad 155,9% 153,4% (kop 31-12-2025 31-12-2024 ...)"
215,Kring RBS / NatWest (Centraal Beheer),2024,nominale_dekkingsgraad_pct,,147.1,gevuld,188,"Actuele dekkingsgraad 161,5% 147,1%"
215,Kring RBS / NatWest (Centraal Beheer),2024,reele_dekkingsgraad_pct,,113.0,gevuld,188,"Reële dekkingsgraad 112,6% 113,0%"
215,Kring RBS / NatWest (Centraal Beheer),2024,vereiste_dekkingsgraad_pct,,113.2,gevuld,188,"Vereiste dekkingsgraad 110,9% 113,2%"
215,Kring RBS / NatWest (Centraal Beheer),2024,aum_euro_bn,,0.890945,gevuld,184,Totaal belegd vermogen (Bedragen in € 1.000) 844.762 890.945
215,Kring RBS / NatWest (Centraal Beheer),2024,deelnemers_actief,,15,gevuld,182,Actieven en arbeidsongeschikten 12 15
215,Kring RBS / NatWest (Centraal Beheer),2024,deelnemers_slapers,,1483,gevuld,182,Gewezen deelnemers 1.454 1.483
215,Kring RBS / NatWest (Centraal Beheer),2024,deelnemers_pensioengerechtigd,,317,gevuld,182,Pensioengerechtigden 347 317
215,Kring RBS / NatWest (Centraal Beheer),2024,deelnemers_totaal,,1815,gevuld,182,Deelnemers 1.813 1.815
216,Kring equensWorldline (Centraal Beheer),2025,beleggingsrendement_pct,,-2.09,gevuld,271,"Beleggingsrendement -2,09% 6,90% (kop 2025 2024)"
216,Kring equensWorldline (Centraal Beheer),2025,beleidsdekkingsgraad_pct,,121.6,gevuld,277,"Beleidsdekkingsgraad 121,6% 115,5%"
216,Kring equensWorldline (Centraal Beheer),2025,nominale_dekkingsgraad_pct,,124.8,gevuld,277,"Actuele dekkingsgraad 124,8% 114,9%"
216,Kring equensWorldline (Centraal Beheer),2025,reele_dekkingsgraad_pct,,90.1,gevuld,277,"Reële dekkingsgraad 90,1% 86,6%"
216,Kring equensWorldline (Centraal Beheer),2025,vereiste_dekkingsgraad_pct,,110.3,gevuld,277,"Vereiste dekkingsgraad 110,3% 110,9%"
216,Kring equensWorldline (Centraal Beheer),2025,rente_afdekking_pct,,84,gevuld,286,strategie waarbĳ 84% van de rentegevoeligheid ... ; renteafdekkingspercentage aangepast van 75% naar 84% (p288)
216,Kring equensWorldline (Centraal Beheer),2025,aum_euro_bn,,0.671814,gevuld,272,Totaal belegd vermogen (x € 1.000) 671.814 698.625
216,Kring equensWorldline (Centraal Beheer),2025,deelnemers_actief,,468,gevuld,270,Actieven en arbeidsongeschikten 468 520
216,Kring equensWorldline (Centraal Beheer),2025,deelnemers_slapers,,1480,gevuld,270,Gewezen deelnemers 1.480 1.464
216,Kring equensWorldline (Centraal Beheer),2025,deelnemers_pensioengerechtigd,,937,gevuld,270,Pensioengerechtigden 937 911
216,Kring equensWorldline (Centraal Beheer),2025,deelnemers_totaal,,2885,gevuld,270,Deelnemers 2.885 2.895
216,Kring equensWorldline (Centraal Beheer),2024,beleggingsrendement_pct,,6.9,gevuld,271,"Beleggingsrendement -2,09% 6,90% (kop 2025 2024)"
216,Kring equensWorldline (Centraal Beheer),2024,beleidsdekkingsgraad_pct,,115.5,gevuld,277,"Beleidsdekkingsgraad 121,6% 115,5%"
216,Kring equensWorldline (Centraal Beheer),2024,nominale_dekkingsgraad_pct,,114.9,gevuld,277,"Actuele dekkingsgraad 124,8% 114,9%"
216,Kring equensWorldline (Centraal Beheer),2024,reele_dekkingsgraad_pct,,86.6,gevuld,277,"Reële dekkingsgraad 90,1% 86,6%"
216,Kring equensWorldline (Centraal Beheer),2024,vereiste_dekkingsgraad_pct,,110.9,gevuld,277,"Vereiste dekkingsgraad 110,3% 110,9%"
216,Kring equensWorldline (Centraal Beheer),2024,rente_afdekking_pct,,75,gevuld,286,strategie waarbĳ 84% van de rentegevoeligheid ... ; renteafdekkingspercentage aangepast van 75% naar 84% (p288)
216,Kring equensWorldline (Centraal Beheer),2024,aum_euro_bn,,0.698625,gevuld,272,Totaal belegd vermogen (x € 1.000) 671.814 698.625
216,Kring equensWorldline (Centraal Beheer),2024,deelnemers_actief,,520,gevuld,270,Actieven en arbeidsongeschikten 468 520
216,Kring equensWorldline (Centraal Beheer),2024,deelnemers_slapers,,1464,gevuld,270,Gewezen deelnemers 1.480 1.464
216,Kring equensWorldline (Centraal Beheer),2024,deelnemers_pensioengerechtigd,,911,gevuld,270,Pensioengerechtigden 937 911
216,Kring equensWorldline (Centraal Beheer),2024,deelnemers_totaal,,2895,gevuld,270,Deelnemers 2.885 2.895
217,Kring Sligro Food Group (Centraal Beheer),2025,beleggingsrendement_pct,,-0.61,gevuld,225,"Beleggingsrendement -0,61% 10,71% 10,88% (kop 2025 2024 ...)"
217,Kring Sligro Food Group (Centraal Beheer),2025,beleidsdekkingsgraad_pct,,136.9,gevuld,231,"Beleidsdekkingsgraad 136,9% 124,8% (kop 31-12-2025 31-12-2024 ...)"
217,Kring Sligro Food Group (Centraal Beheer),2025,nominale_dekkingsgraad_pct,,147.2,gevuld,231,"Actuele dekkingsgraad 147,2% 123,3%"
217,Kring Sligro Food Group (Centraal Beheer),2025,reele_dekkingsgraad_pct,,96.4,gevuld,231,"Reële dekkingsgraad 96,4% 91,0%"
217,Kring Sligro Food Group (Centraal Beheer),2025,vereiste_dekkingsgraad_pct,,119.2,gevuld,231,"Vereiste dekkingsgraad 119,2% 118,5%"
217,Kring Sligro Food Group (Centraal Beheer),2025,rente_afdekking_pct,,65.0,gevuld,240,Wĳ maken voor de Kring Sligro Food Group gebruik van een strategie waarbĳ 65% van de rentegevoeligheid van de pensioenverplichtingen op basis van de marktrente wordt afgedekt.
217,Kring Sligro Food Group (Centraal Beheer),2025,aum_euro_bn,,0.578937,gevuld,226,Totaal belegd vermogen (Bedragen in € 1.000) 578.937 566.619
217,Kring Sligro Food Group (Centraal Beheer),2025,deelnemers_actief,,5013,gevuld,224,Actieven en arbeidsongeschikten 5.013 4.743
217,Kring Sligro Food Group (Centraal Beheer),2025,deelnemers_slapers,,6438,gevuld,224,Gewezen deelnemers 6.438 5.657
217,Kring Sligro Food Group (Centraal Beheer),2025,deelnemers_pensioengerechtigd,,1325,gevuld,224,Pensioengerechtigden 1.325 1.181
217,Kring Sligro Food Group (Centraal Beheer),2025,deelnemers_totaal,,12776,gevuld,224,Deelnemers 12.776 11.581
217,Kring Sligro Food Group (Centraal Beheer),2024,beleggingsrendement_pct,,10.71,gevuld,225,"Beleggingsrendement -0,61% 10,71% 10,88% (kop 2025 2024 ...)"
217,Kring Sligro Food Group (Centraal Beheer),2024,beleidsdekkingsgraad_pct,,124.8,gevuld,231,"Beleidsdekkingsgraad 136,9% 124,8% (kop 31-12-2025 31-12-2024 ...)"
217,Kring Sligro Food Group (Centraal Beheer),2024,nominale_dekkingsgraad_pct,,123.3,gevuld,231,"Actuele dekkingsgraad 147,2% 123,3%"
217,Kring Sligro Food Group (Centraal Beheer),2024,reele_dekkingsgraad_pct,,91.0,gevuld,231,"Reële dekkingsgraad 96,4% 91,0%"
217,Kring Sligro Food Group (Centraal Beheer),2024,vereiste_dekkingsgraad_pct,,118.5,gevuld,231,"Vereiste dekkingsgraad 119,2% 118,5%"
217,Kring Sligro Food Group (Centraal Beheer),2024,aum_euro_bn,,0.566619,gevuld,226,Totaal belegd vermogen (Bedragen in € 1.000) 578.937 566.619
217,Kring Sligro Food Group (Centraal Beheer),2024,deelnemers_actief,,4743,gevuld,224,Actieven en arbeidsongeschikten 5.013 4.743
217,Kring Sligro Food Group (Centraal Beheer),2024,deelnemers_slapers,,5657,gevuld,224,Gewezen deelnemers 6.438 5.657
217,Kring Sligro Food Group (Centraal Beheer),2024,deelnemers_pensioengerechtigd,,1181,gevuld,224,Pensioengerechtigden 1.325 1.181
217,Kring Sligro Food Group (Centraal Beheer),2024,deelnemers_totaal,,11581,gevuld,224,Deelnemers 12.776 11.581
218,Kring Deutsche Bank Nederland (Centraal Beheer),2025,beleggingsrendement_pct,,-9.06,gevuld,362,"Beleggingsrendement -9,06% 9,25% (kop 2025 2024)"
218,Kring Deutsche Bank Nederland (Centraal Beheer),2025,beleidsdekkingsgraad_pct,,132.0,gevuld,367,"Beleidsdekkingsgraad 132,0% 127,0%"
218,Kring Deutsche Bank Nederland (Centraal Beheer),2025,nominale_dekkingsgraad_pct,,134.6,gevuld,367,"Actuele dekkingsgraad 134,6% 125,0%"
218,Kring Deutsche Bank Nederland (Centraal Beheer),2025,reele_dekkingsgraad_pct,,94.8,gevuld,367,"Reële dekkingsgraad 94,8% 93,5%"
218,Kring Deutsche Bank Nederland (Centraal Beheer),2025,vereiste_dekkingsgraad_pct,,114.7,gevuld,367,"Vereiste dekkingsgraad 114,7% 114,4%"
218,Kring Deutsche Bank Nederland (Centraal Beheer),2025,aum_euro_bn,,0.477591,gevuld,363,Totaal belegd vermogen (x € 1.000) 477.591 516.895
218,Kring Deutsche Bank Nederland (Centraal Beheer),2025,deelnemers_actief,,440,gevuld,361,Actieven en arbeidsongeschikten 440 482
218,Kring Deutsche Bank Nederland (Centraal Beheer),2025,deelnemers_slapers,,1386,gevuld,361,Gewezen deelnemers 1.386 1.378
218,Kring Deutsche Bank Nederland (Centraal Beheer),2025,deelnemers_pensioengerechtigd,,590,gevuld,361,Pensioengerechtigden 590 563
218,Kring Deutsche Bank Nederland (Centraal Beheer),2025,deelnemers_totaal,,2416,gevuld,361,Deelnemers 2.416 2.423
218,Kring Deutsche Bank Nederland (Centraal Beheer),2024,beleggingsrendement_pct,,9.25,gevuld,362,"Beleggingsrendement -9,06% 9,25% (kop 2025 2024)"
218,Kring Deutsche Bank Nederland (Centraal Beheer),2024,beleidsdekkingsgraad_pct,,127.0,gevuld,367,"Beleidsdekkingsgraad 132,0% 127,0%"
218,Kring Deutsche Bank Nederland (Centraal Beheer),2024,nominale_dekkingsgraad_pct,,125.0,gevuld,367,"Actuele dekkingsgraad 134,6% 125,0%"
218,Kring Deutsche Bank Nederland (Centraal Beheer),2024,reele_dekkingsgraad_pct,,93.5,gevuld,367,"Reële dekkingsgraad 94,8% 93,5%"
218,Kring Deutsche Bank Nederland (Centraal Beheer),2024,vereiste_dekkingsgraad_pct,,114.4,gevuld,367,"Vereiste dekkingsgraad 114,7% 114,4%"
218,Kring Deutsche Bank Nederland (Centraal Beheer),2024,aum_euro_bn,,0.516895,gevuld,363,Totaal belegd vermogen (x € 1.000) 477.591 516.895
218,Kring Deutsche Bank Nederland (Centraal Beheer),2024,deelnemers_actief,,482,gevuld,361,Actieven en arbeidsongeschikten 440 482
218,Kring Deutsche Bank Nederland (Centraal Beheer),2024,deelnemers_slapers,,1378,gevuld,361,Gewezen deelnemers 1.386 1.378
218,Kring Deutsche Bank Nederland (Centraal Beheer),2024,deelnemers_pensioengerechtigd,,563,gevuld,361,Pensioengerechtigden 590 563
218,Kring Deutsche Bank Nederland (Centraal Beheer),2024,deelnemers_totaal,,2423,gevuld,361,Deelnemers 2.416 2.423
219,Kring Grolsch (Centraal Beheer),2025,beleggingsrendement_pct,,0.98,gevuld,383,"Beleggingsrendement 0,98% 1,70% (kop 2025 2024) (kop 2025 2024 ...)"
219,Kring Grolsch (Centraal Beheer),2025,beleidsdekkingsgraad_pct,,127.8,gevuld,388,"Beleidsdekkingsgraad 127,8% 121,6% (kop 31-12-2025 31-12-2024 ...)"
219,Kring Grolsch (Centraal Beheer),2025,nominale_dekkingsgraad_pct,,134.0,gevuld,388,"Actuele dekkingsgraad 134,0% 119,2%"
219,Kring Grolsch (Centraal Beheer),2025,reele_dekkingsgraad_pct,,94.8,gevuld,388,"Reële dekkingsgraad 94,8% 91,4%"
219,Kring Grolsch (Centraal Beheer),2025,vereiste_dekkingsgraad_pct,,117.2,gevuld,388,"Vereiste dekkingsgraad 117,2% 117,6%"
219,Kring Grolsch (Centraal Beheer),2025,aum_euro_bn,,0.387374,gevuld,384,Totaal belegd vermogen (Bedragen in € 1.000) 387.374 387.566
219,Kring Grolsch (Centraal Beheer),2025,deelnemers_actief,,583,gevuld,382,Actieven en arbeidsongeschikten 583 601
219,Kring Grolsch (Centraal Beheer),2025,deelnemers_slapers,,769,gevuld,382,Gewezen deelnemers 769 747
219,Kring Grolsch (Centraal Beheer),2025,deelnemers_pensioengerechtigd,,686,gevuld,382,Pensioengerechtigden 686 670
219,Kring Grolsch (Centraal Beheer),2025,deelnemers_totaal,,2038,gevuld,382,Deelnemers 2.038 2.018
219,Kring Grolsch (Centraal Beheer),2024,beleggingsrendement_pct,,1.7,gevuld,383,"Beleggingsrendement 0,98% 1,70% (kop 2025 2024) (kop 2025 2024 ...)"
219,Kring Grolsch (Centraal Beheer),2024,beleidsdekkingsgraad_pct,,121.6,gevuld,388,"Beleidsdekkingsgraad 127,8% 121,6% (kop 31-12-2025 31-12-2024 ...)"
219,Kring Grolsch (Centraal Beheer),2024,nominale_dekkingsgraad_pct,,119.2,gevuld,388,"Actuele dekkingsgraad 134,0% 119,2%"
219,Kring Grolsch (Centraal Beheer),2024,reele_dekkingsgraad_pct,,91.4,gevuld,388,"Reële dekkingsgraad 94,8% 91,4%"
219,Kring Grolsch (Centraal Beheer),2024,vereiste_dekkingsgraad_pct,,117.6,gevuld,388,"Vereiste dekkingsgraad 117,2% 117,6%"
219,Kring Grolsch (Centraal Beheer),2024,aum_euro_bn,,0.387566,gevuld,384,Totaal belegd vermogen (Bedragen in € 1.000) 387.374 387.566
219,Kring Grolsch (Centraal Beheer),2024,deelnemers_actief,,601,gevuld,382,Actieven en arbeidsongeschikten 583 601
219,Kring Grolsch (Centraal Beheer),2024,deelnemers_slapers,,747,gevuld,382,Gewezen deelnemers 769 747
219,Kring Grolsch (Centraal Beheer),2024,deelnemers_pensioengerechtigd,,670,gevuld,382,Pensioengerechtigden 686 670
219,Kring Grolsch (Centraal Beheer),2024,deelnemers_totaal,,2018,gevuld,382,Deelnemers 2.038 2.018
220,Kring Chemours (Centraal Beheer),2025,beleggingsrendement_pct,,1.17,gevuld,247,"Beleggingsrendement 1,17% 11,03% 11,73% (kop 2025 2024 ...)"
220,Kring Chemours (Centraal Beheer),2025,beleidsdekkingsgraad_pct,,146.0,gevuld,254,"Beleidsdekkingsgraad 146,0% 139,0% (kop 31-12-2025 31-12-2024 ...)"
220,Kring Chemours (Centraal Beheer),2025,nominale_dekkingsgraad_pct,,153.9,gevuld,254,"Actuele dekkingsgraad 153,9% 136,8%"
220,Kring Chemours (Centraal Beheer),2025,reele_dekkingsgraad_pct,,107.1,gevuld,254,"Reële dekkingsgraad 107,1% 103,3%"
220,Kring Chemours (Centraal Beheer),2025,vereiste_dekkingsgraad_pct,,118.1,gevuld,254,"Vereiste dekkingsgraad 118,1% 118,2%"
220,Kring Chemours (Centraal Beheer),2025,aum_euro_bn,,0.360252,gevuld,248,Totaal belegd vermogen (Bedragen in € 1.000) 360.252 358.357
220,Kring Chemours (Centraal Beheer),2025,deelnemers_actief,,236,gevuld,246,Actieven en arbeidsongeschikten 236 288
220,Kring Chemours (Centraal Beheer),2025,deelnemers_slapers,,85,gevuld,246,Gewezen deelnemers 85 47
220,Kring Chemours (Centraal Beheer),2025,deelnemers_pensioengerechtigd,,87,gevuld,246,Pensioengerechtigden 87 74
220,Kring Chemours (Centraal Beheer),2025,deelnemers_totaal,,408,gevuld,246,Deelnemers 408 409
220,Kring Chemours (Centraal Beheer),2024,beleggingsrendement_pct,,11.03,gevuld,247,"Beleggingsrendement 1,17% 11,03% 11,73% (kop 2025 2024 ...)"
220,Kring Chemours (Centraal Beheer),2024,beleidsdekkingsgraad_pct,,139.0,gevuld,254,"Beleidsdekkingsgraad 146,0% 139,0% (kop 31-12-2025 31-12-2024 ...)"
220,Kring Chemours (Centraal Beheer),2024,nominale_dekkingsgraad_pct,,136.8,gevuld,254,"Actuele dekkingsgraad 153,9% 136,8%"
220,Kring Chemours (Centraal Beheer),2024,reele_dekkingsgraad_pct,,103.3,gevuld,254,"Reële dekkingsgraad 107,1% 103,3%"
220,Kring Chemours (Centraal Beheer),2024,vereiste_dekkingsgraad_pct,,118.2,gevuld,254,"Vereiste dekkingsgraad 118,1% 118,2%"
220,Kring Chemours (Centraal Beheer),2024,aum_euro_bn,,0.358357,gevuld,248,Totaal belegd vermogen (Bedragen in € 1.000) 360.252 358.357
220,Kring Chemours (Centraal Beheer),2024,deelnemers_actief,,288,gevuld,246,Actieven en arbeidsongeschikten 236 288
220,Kring Chemours (Centraal Beheer),2024,deelnemers_slapers,,47,gevuld,246,Gewezen deelnemers 85 47
220,Kring Chemours (Centraal Beheer),2024,deelnemers_pensioengerechtigd,,74,gevuld,246,Pensioengerechtigden 87 74
220,Kring Chemours (Centraal Beheer),2024,deelnemers_totaal,,409,gevuld,246,Deelnemers 408 409
221,Kring ESN (Centraal Beheer),2025,beleggingsrendement_pct,,0.82,gevuld,340,"Beleggingsrendement 0,82% 10,82% (kop 2025 2024)"
221,Kring ESN (Centraal Beheer),2025,beleidsdekkingsgraad_pct,,136.6,gevuld,347,"Beleidsdekkingsgraad 136,6% 130,8%"
221,Kring ESN (Centraal Beheer),2025,nominale_dekkingsgraad_pct,,143.7,gevuld,347,"Actuele dekkingsgraad 143,7% 128,5%"
221,Kring ESN (Centraal Beheer),2025,reele_dekkingsgraad_pct,,100.2,gevuld,347,"Reële dekkingsgraad 100,2% 96,9%"
221,Kring ESN (Centraal Beheer),2025,vereiste_dekkingsgraad_pct,,117.0,gevuld,347,"Vereiste dekkingsgraad 117,0% 117,0%"
221,Kring ESN (Centraal Beheer),2025,aum_euro_bn,,0.259208,gevuld,341,Totaal belegd vermogen (x € 1.000) 259.208 256.135
221,Kring ESN (Centraal Beheer),2025,deelnemers_actief,,170,gevuld,339,Actieven en arbeidsongeschikten 170 187
221,Kring ESN (Centraal Beheer),2025,deelnemers_slapers,,194,gevuld,339,Gewezen deelnemers 194 197
221,Kring ESN (Centraal Beheer),2025,deelnemers_pensioengerechtigd,,85,gevuld,339,Pensioengerechtigden 85 67
221,Kring ESN (Centraal Beheer),2025,deelnemers_totaal,,449,gevuld,339,Deelnemers 449 451
221,Kring ESN (Centraal Beheer),2024,beleggingsrendement_pct,,10.82,gevuld,340,"Beleggingsrendement 0,82% 10,82% (kop 2025 2024)"
221,Kring ESN (Centraal Beheer),2024,beleidsdekkingsgraad_pct,,130.8,gevuld,347,"Beleidsdekkingsgraad 136,6% 130,8%"
221,Kring ESN (Centraal Beheer),2024,nominale_dekkingsgraad_pct,,128.5,gevuld,347,"Actuele dekkingsgraad 143,7% 128,5%"
221,Kring ESN (Centraal Beheer),2024,reele_dekkingsgraad_pct,,96.9,gevuld,347,"Reële dekkingsgraad 100,2% 96,9%"
221,Kring ESN (Centraal Beheer),2024,vereiste_dekkingsgraad_pct,,117.0,gevuld,347,"Vereiste dekkingsgraad 117,0% 117,0%"
221,Kring ESN (Centraal Beheer),2024,aum_euro_bn,,0.256135,gevuld,341,Totaal belegd vermogen (x € 1.000) 259.208 256.135
221,Kring ESN (Centraal Beheer),2024,deelnemers_actief,,187,gevuld,339,Actieven en arbeidsongeschikten 170 187
221,Kring ESN (Centraal Beheer),2024,deelnemers_slapers,,197,gevuld,339,Gewezen deelnemers 194 197
221,Kring ESN (Centraal Beheer),2024,deelnemers_pensioengerechtigd,,67,gevuld,339,Pensioengerechtigden 85 67
221,Kring ESN (Centraal Beheer),2024,deelnemers_totaal,,451,gevuld,339,Deelnemers 449 451
222,Kring HP Nederland (Centraal Beheer),2025,beleggingsrendement_pct,,-1.74,gevuld,316,"Beleggingsrendement -1,74% 12,18% (kop 2025 2024)"
222,Kring HP Nederland (Centraal Beheer),2025,beleidsdekkingsgraad_pct,,137.1,gevuld,323,"Beleidsdekkingsgraad 137,1% 130,1%"
222,Kring HP Nederland (Centraal Beheer),2025,nominale_dekkingsgraad_pct,,143.8,gevuld,323,"Actuele dekkingsgraad 143,8% 128,8%"
222,Kring HP Nederland (Centraal Beheer),2025,reele_dekkingsgraad_pct,,99.0,gevuld,323,"Reële dekkingsgraad 99,0% 95,6%"
222,Kring HP Nederland (Centraal Beheer),2025,vereiste_dekkingsgraad_pct,,116.7,gevuld,323,"Vereiste dekkingsgraad 116,7% 117,6%"
222,Kring HP Nederland (Centraal Beheer),2025,rente_afdekking_pct,,75,gevuld,333,Het afdekkingspercentage in 2025 bedroeg 75% op basis van de marktrente
222,Kring HP Nederland (Centraal Beheer),2025,aum_euro_bn,,0.239605,gevuld,317,Totaal belegd vermogen (x € 1.000) 239.605 242.280
222,Kring HP Nederland (Centraal Beheer),2025,deelnemers_actief,,159,gevuld,315,Actieven en arbeidsongeschikten 159 175
222,Kring HP Nederland (Centraal Beheer),2025,deelnemers_slapers,,405,gevuld,315,Gewezen deelnemers 405 400
222,Kring HP Nederland (Centraal Beheer),2025,deelnemers_pensioengerechtigd,,102,gevuld,315,Pensioengerechtigden 102 91
222,Kring HP Nederland (Centraal Beheer),2025,deelnemers_totaal,,666,gevuld,315,Deelnemers 666 666
222,Kring HP Nederland (Centraal Beheer),2024,beleggingsrendement_pct,,12.18,gevuld,316,"Beleggingsrendement -1,74% 12,18% (kop 2025 2024)"
222,Kring HP Nederland (Centraal Beheer),2024,beleidsdekkingsgraad_pct,,130.1,gevuld,323,"Beleidsdekkingsgraad 137,1% 130,1%"
222,Kring HP Nederland (Centraal Beheer),2024,nominale_dekkingsgraad_pct,,128.8,gevuld,323,"Actuele dekkingsgraad 143,8% 128,8%"
222,Kring HP Nederland (Centraal Beheer),2024,reele_dekkingsgraad_pct,,95.6,gevuld,323,"Reële dekkingsgraad 99,0% 95,6%"
222,Kring HP Nederland (Centraal Beheer),2024,vereiste_dekkingsgraad_pct,,117.6,gevuld,323,"Vereiste dekkingsgraad 116,7% 117,6%"
222,Kring HP Nederland (Centraal Beheer),2024,aum_euro_bn,,0.24228,gevuld,317,Totaal belegd vermogen (x € 1.000) 239.605 242.280
222,Kring HP Nederland (Centraal Beheer),2024,deelnemers_actief,,175,gevuld,315,Actieven en arbeidsongeschikten 159 175
222,Kring HP Nederland (Centraal Beheer),2024,deelnemers_slapers,,400,gevuld,315,Gewezen deelnemers 405 400
222,Kring HP Nederland (Centraal Beheer),2024,deelnemers_pensioengerechtigd,,91,gevuld,315,Pensioengerechtigden 102 91
222,Kring HP Nederland (Centraal Beheer),2024,deelnemers_totaal,,666,gevuld,315,Deelnemers 666 666
223,Kring Bavaria (Centraal Beheer),2025,beleggingsrendement_pct,,-0.64,gevuld,203,"Beleggingsrendement -0,64% 7,79% 7,80% (kop 2025 2024 ...)"
223,Kring Bavaria (Centraal Beheer),2025,beleidsdekkingsgraad_pct,,123.1,gevuld,209,"Beleidsdekkingsgraad 123,1% 115,5% (kop 31-12-2025 31-12-2024 ...)"
223,Kring Bavaria (Centraal Beheer),2025,nominale_dekkingsgraad_pct,,130.8,gevuld,209,"Actuele dekkingsgraad 130,8% 114,4%"
223,Kring Bavaria (Centraal Beheer),2025,reele_dekkingsgraad_pct,,89.9,gevuld,209,"Reële dekkingsgraad 89,9% 85,8%"
223,Kring Bavaria (Centraal Beheer),2025,vereiste_dekkingsgraad_pct,,112.9,gevuld,209,"Vereiste dekkingsgraad 112,9% 113,4%"
223,Kring Bavaria (Centraal Beheer),2025,aum_euro_bn,,0.221645,gevuld,204,Totaal belegd vermogen (Bedragen in € 1.000) 221.645 231.703
223,Kring Bavaria (Centraal Beheer),2025,deelnemers_actief,,27,gevuld,202,Actieven en arbeidsongeschikten 27 33
223,Kring Bavaria (Centraal Beheer),2025,deelnemers_slapers,,1484,gevuld,202,Gewezen deelnemers 1.484 1.540
223,Kring Bavaria (Centraal Beheer),2025,deelnemers_pensioengerechtigd,,452,gevuld,202,Pensioengerechtigden 452 431
223,Kring Bavaria (Centraal Beheer),2025,deelnemers_totaal,,1963,gevuld,202,Deelnemers 1.963 2.004
223,Kring Bavaria (Centraal Beheer),2024,beleggingsrendement_pct,,7.79,gevuld,203,"Beleggingsrendement -0,64% 7,79% 7,80% (kop 2025 2024 ...)"
223,Kring Bavaria (Centraal Beheer),2024,beleidsdekkingsgraad_pct,,115.5,gevuld,209,"Beleidsdekkingsgraad 123,1% 115,5% (kop 31-12-2025 31-12-2024 ...)"
223,Kring Bavaria (Centraal Beheer),2024,nominale_dekkingsgraad_pct,,114.4,gevuld,209,"Actuele dekkingsgraad 130,8% 114,4%"
223,Kring Bavaria (Centraal Beheer),2024,reele_dekkingsgraad_pct,,85.8,gevuld,209,"Reële dekkingsgraad 89,9% 85,8%"
223,Kring Bavaria (Centraal Beheer),2024,vereiste_dekkingsgraad_pct,,113.4,gevuld,209,"Vereiste dekkingsgraad 112,9% 113,4%"
223,Kring Bavaria (Centraal Beheer),2024,aum_euro_bn,,0.231703,gevuld,204,Totaal belegd vermogen (Bedragen in € 1.000) 221.645 231.703
223,Kring Bavaria (Centraal Beheer),2024,deelnemers_actief,,33,gevuld,202,Actieven en arbeidsongeschikten 27 33
223,Kring Bavaria (Centraal Beheer),2024,deelnemers_slapers,,1540,gevuld,202,Gewezen deelnemers 1.484 1.540
223,Kring Bavaria (Centraal Beheer),2024,deelnemers_pensioengerechtigd,,431,gevuld,202,Pensioengerechtigden 452 431
223,Kring Bavaria (Centraal Beheer),2024,deelnemers_totaal,,2004,gevuld,202,Deelnemers 1.963 2.004
224,Kring E-DC (De Nationale),2025,beleggingsrendement_pct,,7.8,gevuld,13,"Kring E: Rendement op basis van total return 7,8% (2024: 13,2%)"
224,Kring E-DC (De Nationale),2025,nominale_dekkingsgraad_pct,,100.4,gevuld,289,"De dekkingsgraad is 100,4% (2024: 100,7%)"
224,Kring E-DC (De Nationale),2025,aum_euro_bn,,0.018451,gevuld,13,"Kring E (in duizenden euro): Beleggingen voor risico deelnemers, Belegd vermogen 18.451 (2024: 16.490)"
224,Kring E-DC (De Nationale),2025,deelnemers_totaal,,1109,gevuld,13,Kring E: Totaal aantal deelnemers 1.109
224,Kring E-DC (De Nationale),2024,beleggingsrendement_pct,,13.2,gevuld,13,"Kring E: Rendement op basis van total return 7,8% (2024: 13,2%)"
224,Kring E-DC (De Nationale),2024,nominale_dekkingsgraad_pct,,100.7,gevuld,289,"De dekkingsgraad is 100,4% (2024: 100,7%)"
224,Kring E-DC (De Nationale),2024,aum_euro_bn,,0.01649,gevuld,13,"Kring E (in duizenden euro): Beleggingen voor risico deelnemers, Belegd vermogen 18.451 (2024: 16.490)"
224,Kring E-DC (De Nationale),2024,deelnemers_totaal,,1085,gevuld,13,Kring E: Totaal aantal deelnemers 1.109
227,Kring Holland Casino (Stap),2025,beleggingsrendement_pct,,-10.8,gevuld,5,"Beleggingsrendement Per jaar -10,8% 11,8% 12,0% (kop 2025 2024 2023 2022 2021)"
227,Kring Holland Casino (Stap),2025,nominale_dekkingsgraad_pct,,101.9,gevuld,5,"Feitelijke dekkingsgraad 101,9% 128,1% 123,9%"
227,Kring Holland Casino (Stap),2025,aum_euro_bn,,2.250602,gevuld,62,Balans (bedragen x € 1.000) Beleggingen 2.250.602 (Wtp regeling) / 2.305.038 (FTK regeling)
227,Kring Holland Casino (Stap),2025,deelnemers_actief,,3913,gevuld,5,Actieven en arbeidsongeschikten 3.913 4.103 3.870
227,Kring Holland Casino (Stap),2025,deelnemers_slapers,,5679,gevuld,5,Gewezen deelnemers 5.679 5.188 5.146
227,Kring Holland Casino (Stap),2025,deelnemers_pensioengerechtigd,,1486,gevuld,5,Pensioengerechtigden 1.486 1.367 1.236
227,Kring Holland Casino (Stap),2025,deelnemers_totaal,,11078,gevuld,5,Totaal 11.078 10.658 10.252
227,Kring Holland Casino (Stap),2024,beleggingsrendement_pct,,11.8,gevuld,5,"Beleggingsrendement Per jaar -10,8% 11,8% 12,0% (kop 2025 2024 2023 2022 2021)"
227,Kring Holland Casino (Stap),2024,nominale_dekkingsgraad_pct,,128.1,gevuld,5,"Feitelijke dekkingsgraad 101,9% 128,1% 123,9%"
227,Kring Holland Casino (Stap),2024,aum_euro_bn,,2.305038,gevuld,62,Balans (bedragen x € 1.000) Beleggingen 2.250.602 (Wtp regeling) / 2.305.038 (FTK regeling)
227,Kring Holland Casino (Stap),2024,deelnemers_actief,,4103,gevuld,5,Actieven en arbeidsongeschikten 3.913 4.103 3.870
227,Kring Holland Casino (Stap),2024,deelnemers_slapers,,5188,gevuld,5,Gewezen deelnemers 5.679 5.188 5.146
227,Kring Holland Casino (Stap),2024,deelnemers_pensioengerechtigd,,1367,gevuld,5,Pensioengerechtigden 1.486 1.367 1.236
227,Kring Holland Casino (Stap),2024,deelnemers_totaal,,10658,gevuld,5,Totaal 11.078 10.658 10.252
228,Kring IFF (Stap),2025,beleggingsrendement_pct,,-0.7,gevuld,5,"Beleggingsrendement risico pensioenkring -0,7% (** periode 1 oktober 2025 t/m 31 december 2025)"
228,Kring IFF (Stap),2025,beleidsdekkingsgraad_pct,,141.1,gevuld,5,"Beleidsdekkingsgraad 141,1% (p31: 'De beleidsdekkingsgraad steeg van 134,3% naar 141,1%')"
228,Kring IFF (Stap),2025,nominale_dekkingsgraad_pct,,147.6,gevuld,5,"Feitelijke dekkingsgraad 147,6% (p31: 'Per saldo steeg de dekkingsgraad van 130,9% naar 147,6%')"
228,Kring IFF (Stap),2025,reele_dekkingsgraad_pct,,103.0,gevuld,21,"Reële dekkingsgraad 103,0 (Cijfers in % 2025)"
228,Kring IFF (Stap),2025,vereiste_dekkingsgraad_pct,,116.1,gevuld,5,"Vereiste dekkingsgraad 116,1%"
228,Kring IFF (Stap),2025,aum_euro_bn,,0.469423,gevuld,58,Beleggingen voor risico Pensioenkring IFF (bedragen x € 1.000) 469.423
228,Kring IFF (Stap),2025,deelnemers_actief,,1097,gevuld,5,Actieven en arbeidsongeschikten 1.097
228,Kring IFF (Stap),2025,deelnemers_slapers,,1182,gevuld,5,Gewezen deelnemers 1.182
228,Kring IFF (Stap),2025,deelnemers_pensioengerechtigd,,573,gevuld,5,Pensioengerechtigden 573
228,Kring IFF (Stap),2025,deelnemers_totaal,,2852,gevuld,5,Totaal 2.852
228,Kring IFF (Stap),2024,beleidsdekkingsgraad_pct,,134.3,gevuld,5,"Beleidsdekkingsgraad 141,1% (p31: 'De beleidsdekkingsgraad steeg van 134,3% naar 141,1%')"
228,Kring IFF (Stap),2024,nominale_dekkingsgraad_pct,,130.9,gevuld,5,"Feitelijke dekkingsgraad 147,6% (p31: 'Per saldo steeg de dekkingsgraad van 130,9% naar 147,6%')"
229,Kring Flexibele Regeling (HNPF),2025,beleidsdekkingsgraad_pct,,100.2,gevuld,9,"Beleidsdekkingsgraad (in %) 2025: 100,2% (WTP 95,5% / FTK 101,5%); 2024: 101,6%"
229,Kring Flexibele Regeling (HNPF),2025,nominale_dekkingsgraad_pct,,100.2,gevuld,9,"Aanwezige dekkingsgraad (in %) 2025: 100,2% (WTP 95,5% / FTK 101,5%); 2024: 101,5%"
229,Kring Flexibele Regeling (HNPF),2025,aum_euro_bn,,0.088315,gevuld,10,Kerncijfers (x € 1.000) Totaal beleggingen voor risico deelnemers 88.315 (WTP 16.186 / FTK 72.129); 2024: 56.354
229,Kring Flexibele Regeling (HNPF),2025,deelnemers_actief,,5462,gevuld,9,Actieve deelnemers 5.462 (WTP 3.590 / FTK 1.872); 2024: 4.939
229,Kring Flexibele Regeling (HNPF),2025,deelnemers_slapers,,2941,gevuld,9,Gewezen deelnemers 2.941 (WTP 2.244 / FTK 697); 2024: 2.200
229,Kring Flexibele Regeling (HNPF),2025,deelnemers_pensioengerechtigd,,10,gevuld,9,Pensioengerechtigden 10 (WTP 7 / FTK 3); 2024: 10
229,Kring Flexibele Regeling (HNPF),2025,deelnemers_totaal,,8413,gevuld,9,(totaal) 8.413 (WTP 5.841 / FTK 2.572); 2024: 7.149
229,Kring Flexibele Regeling (HNPF),2024,beleidsdekkingsgraad_pct,,101.6,gevuld,9,"Beleidsdekkingsgraad (in %) 2025: 100,2% (WTP 95,5% / FTK 101,5%); 2024: 101,6%"
229,Kring Flexibele Regeling (HNPF),2024,nominale_dekkingsgraad_pct,,101.5,gevuld,9,"Aanwezige dekkingsgraad (in %) 2025: 100,2% (WTP 95,5% / FTK 101,5%); 2024: 101,5%"
229,Kring Flexibele Regeling (HNPF),2024,aum_euro_bn,,0.056354,gevuld,10,Kerncijfers (x € 1.000) Totaal beleggingen voor risico deelnemers 88.315 (WTP 16.186 / FTK 72.129); 2024: 56.354
229,Kring Flexibele Regeling (HNPF),2024,deelnemers_actief,,4939,gevuld,9,Actieve deelnemers 5.462 (WTP 3.590 / FTK 1.872); 2024: 4.939
229,Kring Flexibele Regeling (HNPF),2024,deelnemers_slapers,,2200,gevuld,9,Gewezen deelnemers 2.941 (WTP 2.244 / FTK 697); 2024: 2.200
229,Kring Flexibele Regeling (HNPF),2024,deelnemers_pensioengerechtigd,,10,gevuld,9,Pensioengerechtigden 10 (WTP 7 / FTK 3); 2024: 10
229,Kring Flexibele Regeling (HNPF),2024,deelnemers_totaal,,7149,gevuld,9,(totaal) 8.413 (WTP 5.841 / FTK 2.572); 2024: 7.149
230,Pensioenkring Cargill (HNPF),2025,beleggingsrendement_pct,,-2.24,gevuld,14,"Beleggingsrendement (in %) -2,24% 8,98%"
230,Pensioenkring Cargill (HNPF),2025,beleidsdekkingsgraad_pct,,149.6,gevuld,13,"Beleidsdekkingsgraad (in %) 149,6% 148,4%"
230,Pensioenkring Cargill (HNPF),2025,nominale_dekkingsgraad_pct,,156.7,gevuld,13,"Aanwezige dekkingsgraad (in %) 156,7% 148,9%"
230,Pensioenkring Cargill (HNPF),2025,reele_dekkingsgraad_pct,,108.2,gevuld,13,"Reële dekkingsgraad (in %) 108,2% 108,5%"
230,Pensioenkring Cargill (HNPF),2025,vereiste_dekkingsgraad_pct,,115.3,gevuld,13,"Vereiste dekkingsgraad (in %) 115,3% 115,5%"
230,Pensioenkring Cargill (HNPF),2025,rente_afdekking_pct,,101.9,gevuld,181,"De feitelijke afdekking per ultimo 2025 bedroeg 101,9%."
230,Pensioenkring Cargill (HNPF),2025,aum_euro_bn,,0.218373,gevuld,14,Totaal beleggingen 218.373 238.783 (bedragen in duizenden euro's)
230,Pensioenkring Cargill (HNPF),2025,deelnemers_actief,,328,gevuld,13,Aantal actieve deelnemers 328 311
230,Pensioenkring Cargill (HNPF),2025,deelnemers_slapers,,213,gevuld,13,Aantal gewezen deelnemers 213 200
230,Pensioenkring Cargill (HNPF),2025,deelnemers_pensioengerechtigd,,218,gevuld,13,Aantal pensioengerechtigden 218 206
230,Pensioenkring Cargill (HNPF),2025,deelnemers_totaal,,759,gevuld,13,759 717
230,Pensioenkring Cargill (HNPF),2024,beleggingsrendement_pct,,8.98,gevuld,14,"Beleggingsrendement (in %) -2,24% 8,98%"
230,Pensioenkring Cargill (HNPF),2024,beleidsdekkingsgraad_pct,,148.4,gevuld,13,"Beleidsdekkingsgraad (in %) 149,6% 148,4%"
230,Pensioenkring Cargill (HNPF),2024,nominale_dekkingsgraad_pct,,148.9,gevuld,13,"Aanwezige dekkingsgraad (in %) 156,7% 148,9%"
230,Pensioenkring Cargill (HNPF),2024,reele_dekkingsgraad_pct,,108.5,gevuld,13,"Reële dekkingsgraad (in %) 108,2% 108,5%"
230,Pensioenkring Cargill (HNPF),2024,vereiste_dekkingsgraad_pct,,115.5,gevuld,13,"Vereiste dekkingsgraad (in %) 115,3% 115,5%"
230,Pensioenkring Cargill (HNPF),2024,aum_euro_bn,,0.238783,gevuld,14,Totaal beleggingen 218.373 238.783 (bedragen in duizenden euro's)
230,Pensioenkring Cargill (HNPF),2024,deelnemers_actief,,311,gevuld,13,Aantal actieve deelnemers 328 311
230,Pensioenkring Cargill (HNPF),2024,deelnemers_slapers,,200,gevuld,13,Aantal gewezen deelnemers 213 200
230,Pensioenkring Cargill (HNPF),2024,deelnemers_pensioengerechtigd,,206,gevuld,13,Aantal pensioengerechtigden 218 206
230,Pensioenkring Cargill (HNPF),2024,deelnemers_totaal,,717,gevuld,13,759 717
238,Kring TotalEnergies NL (Stap),2025,nominale_dekkingsgraad_pct,,127.2,gevuld,5,"Feitelijke dekkingsgraad 127,2% 120,8%"
238,Kring TotalEnergies NL (Stap),2025,rente_afdekking_pct,,100.0,gevuld,32,"Gedurende 2025 is de mate van feitelijke renterisico-afdekking van 100,0% gehanteerd."
238,Kring TotalEnergies NL (Stap),2025,aum_euro_bn,,0.607572,gevuld,62,Beleggingen voor risico Pensioenkring TotalEnergies Nederland 607.572 603.566 (bedragen x € 1.000)
238,Kring TotalEnergies NL (Stap),2024,nominale_dekkingsgraad_pct,,120.8,gevuld,5,"Feitelijke dekkingsgraad 127,2% 120,8%"
238,Kring TotalEnergies NL (Stap),2024,aum_euro_bn,,0.603566,gevuld,62,Beleggingen voor risico Pensioenkring TotalEnergies Nederland 607.572 603.566 (bedragen x € 1.000)
239,Shell Nederland (SNPS),2025,nominale_dekkingsgraad_pct,,102.5,gevuld,20,"Feitelijke dekkingsgraad 2025 102,5% | 2024 102,7%"
239,Shell Nederland (SNPS),2024,nominale_dekkingsgraad_pct,,102.7,gevuld,20,"Feitelijke dekkingsgraad 2025 102,5% | 2024 102,7%"
240,ING CDC Pensioenfonds,2025,nominale_dekkingsgraad_pct,,154.0,gevuld,3,"Dekkingsgraad Aanwezig 154,0% 122,9%"
240,ING CDC Pensioenfonds,2025,rente_afdekking_pct,,64.7,gevuld,91,"De feitelijke renteafdekking op basis van de DNB-methodiek bedraagt 64,7% eind 2025"
240,ING CDC Pensioenfonds,2024,nominale_dekkingsgraad_pct,,122.9,gevuld,3,"Dekkingsgraad Aanwezig 154,0% 122,9%"
